이용년,이용월,광역시도코드,광역시도명,시군구코드,시군구명,법정동코드,법정동명,표준산업대분류코드,표준산업대분류명,지수_이용건수,지수_이용금액
2022,04,11,서울특별시,11200,성동구,1120010700,행당동,G,도매 및 소매업(45-47),65.52,54.18
2022,04,11,서울특별시,11200,성동구,1120010700,행당동,I,숙박 및 음식점업(55-56),106.45,149.49
2022,04,11,서울특별시,11350,노원구,1135010300,공릉동,I,숙박 및 음식점업(55-56),900.0,1896.3
2022,04,11,서울특별시,11470,양천구,1147010100,신정동,G,도매 및 소매업(45-47),118.75,167.95
2022,04,11,서울특별시,11470,양천구,1147010100,신정동,I,숙박 및 음식점업(55-56),169.23,196.28
2022,04,11,서울특별시,11470,양천구,1147010200,목동,G,도매 및 소매업(45-47),247.83,254.3
2022,04,11,서울특별시,11470,양천구,1147010200,목동,I,숙박 및 음식점업(55-56),161.76,81.11
2022,04,11,서울특별시,11620,관악구,1162010100,봉천동,I,숙박 및 음식점업(55-56),100.0,100.0
2022,04,11,서울특별시,11620,관악구,1162010200,신림동,I,숙박 및 음식점업(55-56),40.91,98.99
2022,04,11,서울특별시,11680,강남구,1168010600,대치동,I,숙박 및 음식점업(55-56),29.27,26.97
2022,04,26,부산광역시,26470,연제구,2647010100,거제동,G,도매 및 소매업(45-47),86.36,104.65
2022,04,26,부산광역시,26470,연제구,2647010100,거제동,I,숙박 및 음식점업(55-56),147.06,192.8
2022,04,28,인천광역시,28200,남동구,2820010100,구월동,G,도매 및 소매업(45-47),171.43,125.77
2022,04,28,인천광역시,28200,남동구,2820010100,구월동,I,숙박 및 음식점업(55-56),200.0,165.94
2022,04,30,대전광역시,30110,동구,3011010200,인동,G,도매 및 소매업(45-47),298.36,173.99
2022,04,30,대전광역시,30110,동구,3011010200,인동,I,숙박 및 음식점업(55-56),2712.5,2622.48
2022,04,30,대전광역시,30110,동구,3011010300,효동,G,도매 및 소매업(45-47),111.11,83.29
2022,04,30,대전광역시,30110,동구,3011010300,효동,I,숙박 및 음식점업(55-56),164.52,377.54
2022,04,30,대전광역시,30110,동구,3011010400,천동,G,도매 및 소매업(45-47),306.02,221.11
2022,04,30,대전광역시,30110,동구,3011010400,천동,I,숙박 및 음식점업(55-56),8200.0,7539.69
2022,04,30,대전광역시,30110,동구,3011010400,천동,Q,보건업 및 사회복지 서비스업(86-87),400.0,624.55
2022,04,30,대전광역시,30110,동구,3011010500,가오동,G,도매 및 소매업(45-47),4828.57,5234.37
2022,04,30,대전광역시,30110,동구,3011010500,가오동,I,숙박 및 음식점업(55-56),5733.33,4876.44
2022,04,30,대전광역시,30110,동구,3011010500,가오동,S,협회 및 단체  수리 및 기타 개인 서비스업(94-96),150.0,59.51
2022,04,30,대전광역시,30110,동구,3011010600,신흥동,G,도매 및 소매업(45-47),263.33,151.75
2022,04,30,대전광역시,30110,동구,3011010600,신흥동,I,숙박 및 음식점업(55-56),3650.0,4118.62
2022,04,30,대전광역시,30110,동구,3011010600,신흥동,J,정보통신업(58-63),100.0,100.0
2022,04,30,대전광역시,30110,동구,3011010700,판암동,G,도매 및 소매업(45-47),409.95,369.96
2022,04,30,대전광역시,30110,동구,3011010700,판암동,I,숙박 및 음식점업(55-56),7106.67,4905.19
2022,04,30,대전광역시,30110,동구,3011010700,판암동,Q,보건업 및 사회복지 서비스업(86-87),175.0,1042.19
2022,04,30,대전광역시,30110,동구,3011010900,용운동,G,도매 및 소매업(45-47),33066.67,11667.36
2022,04,30,대전광역시,30110,동구,3011010900,용운동,I,숙박 및 음식점업(55-56),10741.67,11122.07
2022,04,30,대전광역시,30110,동구,3011010900,용운동,Q,보건업 및 사회복지 서비스업(86-87),214.29,73.22
2022,04,30,대전광역시,30110,동구,3011010900,용운동,S,협회 및 단체  수리 및 기타 개인 서비스업(94-96),133.33,96.94
2022,04,30,대전광역시,30110,동구,3011011000,대동,G,도매 및 소매업(45-47),9928.57,5356.55
2022,04,30,대전광역시,30110,동구,3011011000,대동,I,숙박 및 음식점업(55-56),1925.86,1415.46
2022,04,30,대전광역시,30110,동구,3011011000,대동,Q,보건업 및 사회복지 서비스업(86-87),30.0,8.5
2022,04,30,대전광역시,30110,동구,3011011100,자양동,G,도매 및 소매업(45-47),312.0,235.33
2022,04,30,대전광역시,30110,동구,3011011100,자양동,I,숙박 및 음식점업(55-56),2616.67,2609.38
2022,04,30,대전광역시,30110,동구,3011011100,자양동,Q,보건업 및 사회복지 서비스업(86-87),233.33,297.07
2022,04,30,대전광역시,30110,동구,3011011200,신안동,G,도매 및 소매업(45-47),111.11,110.2
2022,04,30,대전광역시,30110,동구,3011011200,신안동,I,숙박 및 음식점업(55-56),100.0,78.43
2022,04,30,대전광역시,30110,동구,3011011400,가양동,G,도매 및 소매업(45-47),350.0,311.63
2022,04,30,대전광역시,30110,동구,3011011400,가양동,I,숙박 및 음식점업(55-56),3987.27,3111.64
2022,04,30,대전광역시,30110,동구,3011011400,가양동,Q,보건업 및 사회복지 서비스업(86-87),550.0,89.41
2022,04,30,대전광역시,30110,동구,3011011400,가양동,R,예술  스포츠 및 여가관련 서비스업(90-91),70.0,19.8
2022,04,30,대전광역시,30110,동구,3011011400,가양동,S,협회 및 단체  수리 및 기타 개인 서비스업(94-96),466.67,108.64
2022,04,30,대전광역시,30110,동구,3011011500,용전동,G,도매 및 소매업(45-47),16512.5,68884.62
2022,04,30,대전광역시,30110,동구,3011011500,용전동,I,숙박 및 음식점업(55-56),3788.46,3192.33
2022,04,30,대전광역시,30110,동구,3011011500,용전동,Q,보건업 및 사회복지 서비스업(86-87),30.0,12.71
2022,04,30,대전광역시,30110,동구,3011011500,용전동,S,협회 및 단체  수리 및 기타 개인 서비스업(94-96),130.0,153.1
2022,04,30,대전광역시,30110,동구,3011011600,성남동,G,도매 및 소매업(45-47),6666.67,7357.5
2022,04,30,대전광역시,30110,동구,3011011600,성남동,I,숙박 및 음식점업(55-56),7066.67,2990.85
2022,04,30,대전광역시,30110,동구,3011011600,성남동,S,협회 및 단체  수리 및 기타 개인 서비스업(94-96),100.0,59.02
2022,04,30,대전광역시,30110,동구,3011011700,홍도동,G,도매 및 소매업(45-47),342.68,268.05
2022,04,30,대전광역시,30110,동구,3011011700,홍도동,I,숙박 및 음식점업(55-56),300.0,255.37
2022,04,30,대전광역시,30110,동구,3011011700,홍도동,Q,보건업 및 사회복지 서비스업(86-87),150.0,43.94
2022,04,30,대전광역시,30110,동구,3011011800,삼성동,G,도매 및 소매업(45-47),2735.0,7384.84
2022,04,30,대전광역시,30110,동구,3011011800,삼성동,I,숙박 및 음식점업(55-56),1439.22,1060.19
2022,04,30,대전광역시,30110,동구,3011011800,삼성동,Q,보건업 및 사회복지 서비스업(86-87),100.0,164.31
2022,04,30,대전광역시,30110,동구,3011013600,낭월동,G,도매 및 소매업(45-47),259.57,163.44
2022,04,30,대전광역시,30110,동구,3011013600,낭월동,I,숙박 및 음식점업(55-56),191.88,180.63
2022,04,30,대전광역시,30110,동구,3011013900,대성동,G,도매 및 소매업(45-47),6733.33,14770.85
2022,04,30,대전광역시,30110,동구,3011013900,대성동,I,숙박 및 음식점업(55-56),5142.86,7634.24
2022,04,30,대전광역시,30110,동구,3011013900,대성동,P,교육 서비스업(85),100.0,70.59
2022,04,30,대전광역시,30110,동구,3011013900,대성동,Q,보건업 및 사회복지 서비스업(86-87),100.0,21.98
2022,04,30,대전광역시,30140,중구,3014010100,은행동,G,도매 및 소매업(45-47),333.33,374.06
2022,04,30,대전광역시,30140,중구,3014010100,은행동,I,숙박 및 음식점업(55-56),225.0,202.91
2022,04,30,대전광역시,30140,중구,3014010200,선화동,G,도매 및 소매업(45-47),7415.38,14891.47
2022,04,30,대전광역시,30140,중구,3014010200,선화동,I,숙박 및 음식점업(55-56),2553.19,1326.78
2022,04,30,대전광역시,30140,중구,3014010200,선화동,Q,보건업 및 사회복지 서비스업(86-87),121.43,30.95
2022,04,30,대전광역시,30140,중구,3014010200,선화동,S,협회 및 단체  수리 및 기타 개인 서비스업(94-96),142.86,295.78
2022,04,30,대전광역시,30140,중구,3014010300,목동,G,도매 및 소매업(45-47),13033.33,20980.01
2022,04,30,대전광역시,30140,중구,3014010300,목동,I,숙박 및 음식점업(55-56),3701.69,2146.97
2022,04,30,대전광역시,30140,중구,3014010300,목동,M,전문  과학 및 기술 서비스업(70-73),100.0,100.0
2022,04,30,대전광역시,30140,중구,3014010300,목동,O,공공 행정  국방 및 사회보장 행정(84),100.0,100.0
2022,04,30,대전광역시,30140,중구,3014010300,목동,P,교육 서비스업(85),100.0,20263.16
2022,04,30,대전광역시,30140,중구,3014010300,목동,Q,보건업 및 사회복지 서비스업(86-87),260.0,81.3
2022,04,30,대전광역시,30140,중구,3014010300,목동,R,예술  스포츠 및 여가관련 서비스업(90-91),233.33,128.84
2022,04,30,대전광역시,30140,중구,3014010300,목동,S,협회 및 단체  수리 및 기타 개인 서비스업(94-96),733.33,1326.9
2022,04,30,대전광역시,30140,중구,3014010400,중촌동,G,도매 및 소매업(45-47),4222.22,14744.4
2022,04,30,대전광역시,30140,중구,3014010400,중촌동,I,숙박 및 음식점업(55-56),1741.38,2080.55
2022,04,30,대전광역시,30140,중구,3014010400,중촌동,Q,보건업 및 사회복지 서비스업(86-87),133.33,385.63
2022,04,30,대전광역시,30140,중구,3014010400,중촌동,S,협회 및 단체  수리 및 기타 개인 서비스업(94-96),133.33,61.81
2022,04,30,대전광역시,30140,중구,3014010500,대흥동,G,도매 및 소매업(45-47),21450.0,43396.68
2022,04,30,대전광역시,30140,중구,3014010500,대흥동,I,숙박 및 음식점업(55-56),3790.63,1684.68
2022,04,30,대전광역시,30140,중구,3014010500,대흥동,Q,보건업 및 사회복지 서비스업(86-87),138.89,136.8
2022,04,30,대전광역시,30140,중구,3014010500,대흥동,R,예술  스포츠 및 여가관련 서비스업(90-91),150.0,0.81
2022,04,30,대전광역시,30140,중구,3014010500,대흥동,S,협회 및 단체  수리 및 기타 개인 서비스업(94-96),100.0,138.69
2022,04,30,대전광역시,30140,중구,3014010600,문창동,G,도매 및 소매업(45-47),290.0,659.81
2022,04,30,대전광역시,30140,중구,3014010600,문창동,I,숙박 및 음식점업(55-56),103.13,109.98
2022,04,30,대전광역시,30140,중구,3014010700,석교동,G,도매 및 소매업(45-47),78.95,77.23
2022,04,30,대전광역시,30140,중구,3014010700,석교동,I,숙박 및 음식점업(55-56),162.5,148.05
2022,04,30,대전광역시,30140,중구,3014010800,호동,G,도매 및 소매업(45-47),68.18,82.39
2022,04,30,대전광역시,30140,중구,3014010800,호동,I,숙박 및 음식점업(55-56),109.09,39.6
2022,04,30,대전광역시,30140,중구,3014010900,옥계동,G,도매 및 소매업(45-47),620.0,2072.2
2022,04,30,대전광역시,30140,중구,3014010900,옥계동,I,숙박 및 음식점업(55-56),607.14,371.66
2022,04,30,대전광역시,30140,중구,3014011000,대사동,G,도매 및 소매업(45-47),263.46,240.48
2022,04,30,대전광역시,30140,중구,3014011000,대사동,I,숙박 및 음식점업(55-56),3000.0,4047.97
2022,04,30,대전광역시,30140,중구,3014011000,대사동,S,협회 및 단체  수리 및 기타 개인 서비스업(94-96),100.0,41.02
2022,04,30,대전광역시,30140,중구,3014011100,부사동,G,도매 및 소매업(45-47),170.73,120.77
2022,04,30,대전광역시,30140,중구,3014011100,부사동,I,숙박 및 음식점업(55-56),285.71,306.75
2022,04,30,대전광역시,30140,중구,3014011200,용두동,G,도매 및 소매업(45-47),178.07,160.01
2022,04,30,대전광역시,30140,중구,3014011200,용두동,I,숙박 및 음식점업(55-56),3202.94,2513.28
2022,04,30,대전광역시,30140,중구,3014011200,용두동,M,전문  과학 및 기술 서비스업(70-73),75.0,125.0
2022,04,30,대전광역시,30140,중구,3014011200,용두동,Q,보건업 및 사회복지 서비스업(86-87),400.0,91.86
2022,04,30,대전광역시,30140,중구,3014011200,용두동,S,협회 및 단체  수리 및 기타 개인 서비스업(94-96),100.0,182.83
2022,04,30,대전광역시,30140,중구,3014011300,오류동,G,도매 및 소매업(45-47),5923.08,24311.89
2022,04,30,대전광역시,30140,중구,3014011300,오류동,I,숙박 및 음식점업(55-56),3646.88,1946.09
2022,04,30,대전광역시,30140,중구,3014011300,오류동,Q,보건업 및 사회복지 서비스업(86-87),344.44,609.65
2022,04,30,대전광역시,30140,중구,3014011300,오류동,S,협회 및 단체  수리 및 기타 개인 서비스업(94-96),200.0,269.52
2022,04,30,대전광역시,30140,중구,3014011400,태평동,C,제조업(10-34),925.0,330.15
2022,04,30,대전광역시,30140,중구,3014011400,태평동,G,도매 및 소매업(45-47),5489.25,3642.85
2022,04,30,대전광역시,30140,중구,3014011400,태평동,I,숙박 및 음식점업(55-56),2700.83,2137.37
2022,04,30,대전광역시,30140,중구,3014011400,태평동,J,정보통신업(58-63),12.07,1.8399999999999999
2022,04,30,대전광역시,30140,중구,3014011400,태평동,M,전문  과학 및 기술 서비스업(70-73),233.33,170.0
2022,04,30,대전광역시,30140,중구,3014011400,태평동,O,공공 행정  국방 및 사회보장 행정(84),75.0,62.99
2022,04,30,대전광역시,30140,중구,3014011400,태평동,P,교육 서비스업(85),100.0,17666.67
2022,04,30,대전광역시,30140,중구,3014011400,태평동,Q,보건업 및 사회복지 서비스업(86-87),302.5,102.21
2022,04,30,대전광역시,30140,중구,3014011400,태평동,R,예술  스포츠 및 여가관련 서비스업(90-91),2733.33,3480.18
2022,04,30,대전광역시,30140,중구,3014011400,태평동,S,협회 및 단체  수리 및 기타 개인 서비스업(94-96),230.43,196.45
2022,04,30,대전광역시,30140,중구,3014011500,유천동,G,도매 및 소매업(45-47),4012.9,2690.72
2022,04,30,대전광역시,30140,중구,3014011500,유천동,I,숙박 및 음식점업(55-56),3078.43,3444.78
2022,04,30,대전광역시,30140,중구,3014011500,유천동,Q,보건업 및 사회복지 서비스업(86-87),650.0,805.37
2022,04,30,대전광역시,30140,중구,3014011500,유천동,S,협회 및 단체  수리 및 기타 개인 서비스업(94-96),233.33,1196.67
2022,04,30,대전광역시,30140,중구,3014011600,문화동,G,도매 및 소매업(45-47),8084.21,9207.88
2022,04,30,대전광역시,30140,중구,3014011600,문화동,I,숙박 및 음식점업(55-56),3391.15,2163.6
2022,04,30,대전광역시,30140,중구,3014011600,문화동,M,전문  과학 및 기술 서비스업(70-73),30.0,1.04
2022,04,30,대전광역시,30140,중구,3014011600,문화동,O,공공 행정  국방 및 사회보장 행정(84),66.67,279.79
2022,04,30,대전광역시,30140,중구,3014011600,문화동,Q,보건업 및 사회복지 서비스업(86-87),495.65,348.18
2022,04,30,대전광역시,30140,중구,3014011600,문화동,R,예술  스포츠 및 여가관련 서비스업(90-91),191.67,115.85
2022,04,30,대전광역시,30140,중구,3014011600,문화동,S,협회 및 단체  수리 및 기타 개인 서비스업(94-96),168.0,60.27
2022,04,30,대전광역시,30140,중구,3014011700,산성동,G,도매 및 소매업(45-47),313.74,302.69
2022,04,30,대전광역시,30140,중구,3014011700,산성동,I,숙박 및 음식점업(55-56),3424.24,4403.33
2022,04,30,대전광역시,30140,중구,3014011700,산성동,Q,보건업 및 사회복지 서비스업(86-87),316.67,469.05
2022,04,30,대전광역시,30140,중구,3014011700,산성동,S,협회 및 단체  수리 및 기타 개인 서비스업(94-96),100.0,78.46
2022,04,30,대전광역시,30140,중구,3014011800,사정동,G,도매 및 소매업(45-47),102.78,70.33
2022,04,30,대전광역시,30140,중구,3014011800,사정동,I,숙박 및 음식점업(55-56),147.27,123.44
2022,04,30,대전광역시,30140,중구,3014011900,안영동,G,도매 및 소매업(45-47),106.67,67.52
2022,04,30,대전광역시,30140,중구,3014011900,안영동,I,숙박 및 음식점업(55-56),575.0,382.57
2022,04,30,대전광역시,30170,서구,3017010100,복수동,G,도매 및 소매업(45-47),7565.0,4988.71
2022,04,30,대전광역시,30170,서구,3017010100,복수동,I,숙박 및 음식점업(55-56),3978.31,3663.77
2022,04,30,대전광역시,30170,서구,3017010100,복수동,J,정보통신업(58-63),560.0,95.98
2022,04,30,대전광역시,30170,서구,3017010100,복수동,M,전문  과학 및 기술 서비스업(70-73),50.0,5.02
2022,04,30,대전광역시,30170,서구,3017010100,복수동,O,공공 행정  국방 및 사회보장 행정(84),100.0,230.77
2022,04,30,대전광역시,30170,서구,3017010100,복수동,Q,보건업 및 사회복지 서비스업(86-87),635.48,265.63
2022,04,30,대전광역시,30170,서구,3017010100,복수동,R,예술  스포츠 및 여가관련 서비스업(90-91),150.0,16.71
2022,04,30,대전광역시,30170,서구,3017010100,복수동,S,협회 및 단체  수리 및 기타 개인 서비스업(94-96),200.0,183.7
2022,04,30,대전광역시,30170,서구,3017010200,변동,G,도매 및 소매업(45-47),42066.67,76176.42
2022,04,30,대전광역시,30170,서구,3017010200,변동,I,숙박 및 음식점업(55-56),5243.33,3254.98
2022,04,30,대전광역시,30170,서구,3017010200,변동,O,공공 행정  국방 및 사회보장 행정(84),100.0,100.0
2022,04,30,대전광역시,30170,서구,3017010200,변동,Q,보건업 및 사회복지 서비스업(86-87),391.67,69.6
2022,04,30,대전광역시,30170,서구,3017010200,변동,S,협회 및 단체  수리 및 기타 개인 서비스업(94-96),300.0,66.04
2022,04,30,대전광역시,30170,서구,3017010300,도마동,G,도매 및 소매업(45-47),16731.82,15223.67
2022,04,30,대전광역시,30170,서구,3017010300,도마동,I,숙박 및 음식점업(55-56),5481.94,5911.66
2022,04,30,대전광역시,30170,서구,3017010300,도마동,Q,보건업 및 사회복지 서비스업(86-87),423.53,74.56
2022,04,30,대전광역시,30170,서구,3017010300,도마동,R,예술  스포츠 및 여가관련 서비스업(90-91),1700.0,211.68
2022,04,30,대전광역시,30170,서구,3017010300,도마동,S,협회 및 단체  수리 및 기타 개인 서비스업(94-96),227.27,828.23
2022,04,30,대전광역시,30170,서구,3017010400,정림동,C,제조업(10-34),100.0,14.72
2022,04,30,대전광역시,30170,서구,3017010400,정림동,G,도매 및 소매업(45-47),302.91,347.88
2022,04,30,대전광역시,30170,서구,3017010400,정림동,I,숙박 및 음식점업(55-56),6530.77,6505.13
2022,04,30,대전광역시,30170,서구,3017010400,정림동,Q,보건업 및 사회복지 서비스업(86-87),1071.43,1596.11
2022,04,30,대전광역시,30170,서구,3017010400,정림동,S,협회 및 단체  수리 및 기타 개인 서비스업(94-96),50.0,34.72
2022,04,30,대전광역시,30170,서구,3017010500,용문동,G,도매 및 소매업(45-47),6090.91,3340.3
2022,04,30,대전광역시,30170,서구,3017010500,용문동,I,숙박 및 음식점업(55-56),3066.07,3069.65
2022,04,30,대전광역시,30170,서구,3017010500,용문동,O,공공 행정  국방 및 사회보장 행정(84),100.0,100.0
2022,04,30,대전광역시,30170,서구,3017010500,용문동,Q,보건업 및 사회복지 서비스업(86-87),1333.33,356.34
2022,04,30,대전광역시,30170,서구,3017010500,용문동,S,협회 및 단체  수리 및 기타 개인 서비스업(94-96),116.67,55.42
2022,04,30,대전광역시,30170,서구,3017010600,탄방동,C,제조업(10-34),145.45,105.82
2022,04,30,대전광역시,30170,서구,3017010600,탄방동,G,도매 및 소매업(45-47),5797.96,7130.21
2022,04,30,대전광역시,30170,서구,3017010600,탄방동,I,숙박 및 음식점업(55-56),3612.69,2859.38
2022,04,30,대전광역시,30170,서구,3017010600,탄방동,O,공공 행정  국방 및 사회보장 행정(84),600.0,3430.0
2022,04,30,대전광역시,30170,서구,3017010600,탄방동,P,교육 서비스업(85),85.71,37090.16
2022,04,30,대전광역시,30170,서구,3017010600,탄방동,Q,보건업 및 사회복지 서비스업(86-87),357.14,131.56
2022,04,30,대전광역시,30170,서구,3017010600,탄방동,R,예술  스포츠 및 여가관련 서비스업(90-91),252.17,136.59
2022,04,30,대전광역시,30170,서구,3017010600,탄방동,S,협회 및 단체  수리 및 기타 개인 서비스업(94-96),200.0,88.49
2022,04,30,대전광역시,30170,서구,3017010800,괴정동,G,도매 및 소매업(45-47),18838.46,16996.63
2022,04,30,대전광역시,30170,서구,3017010800,괴정동,I,숙박 및 음식점업(55-56),3200.0,2710.91
2022,04,30,대전광역시,30170,서구,3017010800,괴정동,Q,보건업 및 사회복지 서비스업(86-87),2266.67,803.76
2022,04,30,대전광역시,30170,서구,3017010800,괴정동,R,예술  스포츠 및 여가관련 서비스업(90-91),57.14,9.56
2022,04,30,대전광역시,30170,서구,3017010800,괴정동,S,협회 및 단체  수리 및 기타 개인 서비스업(94-96),100.0,37.27
2022,04,30,대전광역시,30170,서구,3017010900,가장동,G,도매 및 소매업(45-47),6205.88,19040.39
2022,04,30,대전광역시,30170,서구,3017010900,가장동,I,숙박 및 음식점업(55-56),2900.0,3631.32
2022,04,30,대전광역시,30170,서구,3017010900,가장동,Q,보건업 및 사회복지 서비스업(86-87),355.56,15.62
2022,04,30,대전광역시,30170,서구,3017010900,가장동,S,협회 및 단체  수리 및 기타 개인 서비스업(94-96),75.0,87.4
2022,04,30,대전광역시,30170,서구,3017011000,내동,C,제조업(10-34),36.36,43.1
2022,04,30,대전광역시,30170,서구,3017011000,내동,G,도매 및 소매업(45-47),7541.82,11231.5
2022,04,30,대전광역시,30170,서구,3017011000,내동,H,운수 및 창고업(49-52),37.5,41.24
2022,04,30,대전광역시,30170,서구,3017011000,내동,I,숙박 및 음식점업(55-56),2901.23,2327.68
2022,04,30,대전광역시,30170,서구,3017011000,내동,J,정보통신업(58-63),42.86,7.24
2022,04,30,대전광역시,30170,서구,3017011000,내동,Q,보건업 및 사회복지 서비스업(86-87),592.16,131.99
2022,04,30,대전광역시,30170,서구,3017011000,내동,R,예술  스포츠 및 여가관련 서비스업(90-91),950.0,293.6
2022,04,30,대전광역시,30170,서구,3017011000,내동,S,협회 및 단체  수리 및 기타 개인 서비스업(94-96),2900.0,418.99
2022,04,30,대전광역시,30170,서구,3017011100,갈마동,C,제조업(10-34),112.9,86.4
2022,04,30,대전광역시,30170,서구,3017011100,갈마동,G,도매 및 소매업(45-47),7215.03,7217.49
2022,04,30,대전광역시,30170,서구,3017011100,갈마동,H,운수 및 창고업(49-52),75.0,184.21
2022,04,30,대전광역시,30170,서구,3017011100,갈마동,I,숙박 및 음식점업(55-56),3402.93,2727.17
2022,04,30,대전광역시,30170,서구,3017011100,갈마동,J,정보통신업(58-63),55.41,38.9
2022,04,30,대전광역시,30170,서구,3017011100,갈마동,M,전문  과학 및 기술 서비스업(70-73),164.71,115.35
2022,04,30,대전광역시,30170,서구,3017011100,갈마동,O,공공 행정  국방 및 사회보장 행정(84),375.0,46.79
2022,04,30,대전광역시,30170,서구,3017011100,갈마동,Q,보건업 및 사회복지 서비스업(86-87),14025.0,31155.13
2022,04,30,대전광역시,30170,서구,3017011100,갈마동,R,예술  스포츠 및 여가관련 서비스업(90-91),581.82,63.28
2022,04,30,대전광역시,30170,서구,3017011100,갈마동,S,협회 및 단체  수리 및 기타 개인 서비스업(94-96),225.61,172.04
2022,04,30,대전광역시,30170,서구,3017011200,둔산동,C,제조업(10-34),1260.0,753.63
2022,04,30,대전광역시,30170,서구,3017011200,둔산동,G,도매 및 소매업(45-47),2426.71,1604.71
2022,04,30,대전광역시,30170,서구,3017011200,둔산동,H,운수 및 창고업(49-52),533.33,1697.8
2022,04,30,대전광역시,30170,서구,3017011200,둔산동,I,숙박 및 음식점업(55-56),2045.82,1542.83
2022,04,30,대전광역시,30170,서구,3017011200,둔산동,J,정보통신업(58-63),1633.33,2693.33
2022,04,30,대전광역시,30170,서구,3017011200,둔산동,M,전문  과학 및 기술 서비스업(70-73),2033.33,200.22
2022,04,30,대전광역시,30170,서구,3017011200,둔산동,N,사업시설 관리  사업 지원 및 임대 서비스업(74-76),80.0,56.32
2022,04,30,대전광역시,30170,서구,3017011200,둔산동,O,공공 행정  국방 및 사회보장 행정(84),47.83,84.3
2022,04,30,대전광역시,30170,서구,3017011200,둔산동,P,교육 서비스업(85),550.0,342.88
2022,04,30,대전광역시,30170,서구,3017011200,둔산동,Q,보건업 및 사회복지 서비스업(86-87),3490.0,1593.22
2022,04,30,대전광역시,30170,서구,3017011200,둔산동,R,예술  스포츠 및 여가관련 서비스업(90-91),2737.04,3099.9
2022,04,30,대전광역시,30170,서구,3017011200,둔산동,S,협회 및 단체  수리 및 기타 개인 서비스업(94-96),1892.11,835.77
2022,04,30,대전광역시,30170,서구,3017011300,월평동,C,제조업(10-34),83.18,74.98
2022,04,30,대전광역시,30170,서구,3017011300,월평동,G,도매 및 소매업(45-47),4110.3,2144.74
2022,04,30,대전광역시,30170,서구,3017011300,월평동,H,운수 및 창고업(49-52),120.0,463.75
2022,04,30,대전광역시,30170,서구,3017011300,월평동,I,숙박 및 음식점업(55-56),2663.92,1920.48
2022,04,30,대전광역시,30170,서구,3017011300,월평동,J,정보통신업(58-63),1562.5,878.24
2022,04,30,대전광역시,30170,서구,3017011300,월평동,M,전문  과학 및 기술 서비스업(70-73),115.63,87.22
2022,04,30,대전광역시,30170,서구,3017011300,월평동,N,사업시설 관리  사업 지원 및 임대 서비스업(74-76),41.18,121.87
2022,04,30,대전광역시,30170,서구,3017011300,월평동,O,공공 행정  국방 및 사회보장 행정(84),228.57,428.27
2022,04,30,대전광역시,30170,서구,3017011300,월평동,P,교육 서비스업(85),257.14,119.27
2022,04,30,대전광역시,30170,서구,3017011300,월평동,Q,보건업 및 사회복지 서비스업(86-87),8228.57,1596.73
2022,04,30,대전광역시,30170,서구,3017011300,월평동,R,예술  스포츠 및 여가관련 서비스업(90-91),4100.0,578.24
2022,04,30,대전광역시,30170,서구,3017011300,월평동,S,협회 및 단체  수리 및 기타 개인 서비스업(94-96),3278.95,1492.08
2022,04,30,대전광역시,30170,서구,3017011400,가수원동,G,도매 및 소매업(45-47),348.93,293.61
2022,04,30,대전광역시,30170,서구,3017011400,가수원동,I,숙박 및 음식점업(55-56),5216.28,3757.69
2022,04,30,대전광역시,30170,서구,3017011400,가수원동,O,공공 행정  국방 및 사회보장 행정(84),100.0,205.88
2022,04,30,대전광역시,30170,서구,3017011400,가수원동,Q,보건업 및 사회복지 서비스업(86-87),3625.0,1696.72
2022,04,30,대전광역시,30170,서구,3017011400,가수원동,R,예술  스포츠 및 여가관련 서비스업(90-91),107.69,37.94
2022,04,30,대전광역시,30170,서구,3017011400,가수원동,S,협회 및 단체  수리 및 기타 개인 서비스업(94-96),173.33,387.86
2022,04,30,대전광역시,30170,서구,3017011500,도안동,C,제조업(10-34),289.29,233.21
2022,04,30,대전광역시,30170,서구,3017011500,도안동,G,도매 및 소매업(45-47),3133.67,2668.03
2022,04,30,대전광역시,30170,서구,3017011500,도안동,H,운수 및 창고업(49-52),140.0,158.1
2022,04,30,대전광역시,30170,서구,3017011500,도안동,I,숙박 및 음식점업(55-56),2138.74,1795.9
2022,04,30,대전광역시,30170,서구,3017011500,도안동,J,정보통신업(58-63),100.0,121.69
2022,04,30,대전광역시,30170,서구,3017011500,도안동,M,전문  과학 및 기술 서비스업(70-73),36.36,41.76
2022,04,30,대전광역시,30170,서구,3017011500,도안동,N,사업시설 관리  사업 지원 및 임대 서비스업(74-76),106.67,60.42
2022,04,30,대전광역시,30170,서구,3017011500,도안동,O,공공 행정  국방 및 사회보장 행정(84),144.44,575.2
2022,04,30,대전광역시,30170,서구,3017011500,도안동,P,교육 서비스업(85),783.33,353.7
2022,04,30,대전광역시,30170,서구,3017011500,도안동,Q,보건업 및 사회복지 서비스업(86-87),3649.06,1312.93
2022,04,30,대전광역시,30170,서구,3017011500,도안동,R,예술  스포츠 및 여가관련 서비스업(90-91),1940.0,404.37
2022,04,30,대전광역시,30170,서구,3017011500,도안동,S,협회 및 단체  수리 및 기타 개인 서비스업(94-96),2060.87,863.71
2022,04,30,대전광역시,30170,서구,3017011600,관저동,C,제조업(10-34),66.67,65.44
2022,04,30,대전광역시,30170,서구,3017011600,관저동,G,도매 및 소매업(45-47),5821.87,4002.59
2022,04,30,대전광역시,30170,서구,3017011600,관저동,H,운수 및 창고업(49-52),69.57,69.38
2022,04,30,대전광역시,30170,서구,3017011600,관저동,I,숙박 및 음식점업(55-56),3429.41,3004.52
2022,04,30,대전광역시,30170,서구,3017011600,관저동,J,정보통신업(58-63),1300.0,926.81
2022,04,30,대전광역시,30170,서구,3017011600,관저동,M,전문  과학 및 기술 서비스업(70-73),422.22,87.37
2022,04,30,대전광역시,30170,서구,3017011600,관저동,N,사업시설 관리  사업 지원 및 임대 서비스업(74-76),37.5,52.65
2022,04,30,대전광역시,30170,서구,3017011600,관저동,O,공공 행정  국방 및 사회보장 행정(84),120.83,208.31
2022,04,30,대전광역시,30170,서구,3017011600,관저동,P,교육 서비스업(85),172.73,191.14
2022,04,30,대전광역시,30170,서구,3017011600,관저동,Q,보건업 및 사회복지 서비스업(86-87),8560.87,3101.14
2022,04,30,대전광역시,30170,서구,3017011600,관저동,R,예술  스포츠 및 여가관련 서비스업(90-91),21766.67,3844.82
2022,04,30,대전광역시,30170,서구,3017011600,관저동,S,협회 및 단체  수리 및 기타 개인 서비스업(94-96),6600.0,3073.7
2022,04,30,대전광역시,30170,서구,3017012800,만년동,C,제조업(10-34),133.33,60.3
2022,04,30,대전광역시,30170,서구,3017012800,만년동,G,도매 및 소매업(45-47),3111.96,2422.04
2022,04,30,대전광역시,30170,서구,3017012800,만년동,I,숙박 및 음식점업(55-56),2563.13,2071.11
2022,04,30,대전광역시,30170,서구,3017012800,만년동,M,전문  과학 및 기술 서비스업(70-73),100.0,8.75
2022,04,30,대전광역시,30170,서구,3017012800,만년동,Q,보건업 및 사회복지 서비스업(86-87),7566.67,14177.44
2022,04,30,대전광역시,30170,서구,3017012800,만년동,R,예술  스포츠 및 여가관련 서비스업(90-91),222.22,87.31
2022,04,30,대전광역시,30170,서구,3017012800,만년동,S,협회 및 단체  수리 및 기타 개인 서비스업(94-96),212.5,121.78
2022,04,30,대전광역시,30200,유성구,3020010100,원내동,C,제조업(10-34),338.46,448.47
2022,04,30,대전광역시,30200,유성구,3020010100,원내동,G,도매 및 소매업(45-47),22712.77,28954.96
2022,04,30,대전광역시,30200,유성구,3020010100,원내동,I,숙박 및 음식점업(55-56),11164.1,11696.74
2022,04,30,대전광역시,30200,유성구,3020010100,원내동,M,전문  과학 및 기술 서비스업(70-73),150.0,135.8
2022,04,30,대전광역시,30200,유성구,3020010100,원내동,N,사업시설 관리  사업 지원 및 임대 서비스업(74-76),162.5,262.85
2022,04,30,대전광역시,30200,유성구,3020010100,원내동,O,공공 행정  국방 및 사회보장 행정(84),90.91,141.82
2022,04,30,대전광역시,30200,유성구,3020010100,원내동,P,교육 서비스업(85),412.0,248.7
2022,04,30,대전광역시,30200,유성구,3020010100,원내동,Q,보건업 및 사회복지 서비스업(86-87),41000.0,86567.09
2022,04,30,대전광역시,30200,유성구,3020010100,원내동,R,예술  스포츠 및 여가관련 서비스업(90-91),3490.0,1549.7
2022,04,30,대전광역시,30200,유성구,3020010100,원내동,S,협회 및 단체  수리 및 기타 개인 서비스업(94-96),413.92,456.63
2022,04,30,대전광역시,30200,유성구,3020010200,교촌동,C,제조업(10-34),41.67,82.24
2022,04,30,대전광역시,30200,유성구,3020010200,교촌동,G,도매 및 소매업(45-47),5615.69,5595.27
2022,04,30,대전광역시,30200,유성구,3020010200,교촌동,I,숙박 및 음식점업(55-56),3808.0,3441.75
2022,04,30,대전광역시,30200,유성구,3020010200,교촌동,P,교육 서비스업(85),134.09,98.1
2022,04,30,대전광역시,30200,유성구,3020010200,교촌동,Q,보건업 및 사회복지 서비스업(86-87),268.97,107.04
2022,04,30,대전광역시,30200,유성구,3020010200,교촌동,R,예술  스포츠 및 여가관련 서비스업(90-91),1300.0,114.64
2022,04,30,대전광역시,30200,유성구,3020010200,교촌동,S,협회 및 단체  수리 및 기타 개인 서비스업(94-96),4200.0,1872.24
2022,04,30,대전광역시,30200,유성구,3020010300,대정동,G,도매 및 소매업(45-47),6143.57,7090.64
2022,04,30,대전광역시,30200,유성구,3020010300,대정동,I,숙박 및 음식점업(55-56),3710.59,3625.33
2022,04,30,대전광역시,30200,유성구,3020010300,대정동,N,사업시설 관리  사업 지원 및 임대 서비스업(74-76),75.0,32.5
2022,04,30,대전광역시,30200,유성구,3020010300,대정동,P,교육 서비스업(85),114.75,99.37
2022,04,30,대전광역시,30200,유성구,3020010300,대정동,Q,보건업 및 사회복지 서비스업(86-87),429.27,281.95
2022,04,30,대전광역시,30200,유성구,3020010300,대정동,R,예술  스포츠 및 여가관련 서비스업(90-91),60.0,142.35
2022,04,30,대전광역시,30200,유성구,3020010300,대정동,S,협회 및 단체  수리 및 기타 개인 서비스업(94-96),8225.0,20774.15
2022,04,30,대전광역시,30200,유성구,3020010400,용계동,G,도매 및 소매업(45-47),333.01,296.35
2022,04,30,대전광역시,30200,유성구,3020010400,용계동,I,숙박 및 음식점업(55-56),124.55,173.58
2022,04,30,대전광역시,30200,유성구,3020010500,학하동,G,도매 및 소매업(45-47),1734.62,2171.32
2022,04,30,대전광역시,30200,유성구,3020010500,학하동,I,숙박 및 음식점업(55-56),2909.09,4218.54
2022,04,30,대전광역시,30200,유성구,3020010500,학하동,Q,보건업 및 사회복지 서비스업(86-87),155.56,19.9
2022,04,30,대전광역시,30200,유성구,3020010500,학하동,S,협회 및 단체  수리 및 기타 개인 서비스업(94-96),160.0,268.17
2022,04,30,대전광역시,30200,유성구,3020010600,계산동,C,제조업(10-34),166.67,110.39
2022,04,30,대전광역시,30200,유성구,3020010600,계산동,G,도매 및 소매업(45-47),4005.15,3990.39
2022,04,30,대전광역시,30200,유성구,3020010600,계산동,I,숙박 및 음식점업(55-56),2716.96,2089.33
2022,04,30,대전광역시,30200,유성구,3020010600,계산동,J,정보통신업(58-63),27.45,94.21
2022,04,30,대전광역시,30200,유성구,3020010600,계산동,M,전문  과학 및 기술 서비스업(70-73),114.29,37.62
2022,04,30,대전광역시,30200,유성구,3020010600,계산동,N,사업시설 관리  사업 지원 및 임대 서비스업(74-76),72.0,12.13
2022,04,30,대전광역시,30200,유성구,3020010600,계산동,P,교육 서비스업(85),962.96,872.46
2022,04,30,대전광역시,30200,유성구,3020010600,계산동,Q,보건업 및 사회복지 서비스업(86-87),14442.86,22892.79
2022,04,30,대전광역시,30200,유성구,3020010600,계산동,R,예술  스포츠 및 여가관련 서비스업(90-91),233.33,58.98
2022,04,30,대전광역시,30200,유성구,3020010600,계산동,S,협회 및 단체  수리 및 기타 개인 서비스업(94-96),2905.26,2289.88
2022,04,30,대전광역시,30200,유성구,3020010700,성북동,G,도매 및 소매업(45-47),150.0,348.03
2022,04,30,대전광역시,30200,유성구,3020010700,성북동,I,숙박 및 음식점업(55-56),100.0,165.18
2022,04,30,대전광역시,30200,유성구,3020011100,봉명동,C,제조업(10-34),526.09,313.17
2022,04,30,대전광역시,30200,유성구,3020011100,봉명동,G,도매 및 소매업(45-47),2684.2,1957.94
2022,04,30,대전광역시,30200,유성구,3020011100,봉명동,H,운수 및 창고업(49-52),1366.67,2268.63
2022,04,30,대전광역시,30200,유성구,3020011100,봉명동,I,숙박 및 음식점업(55-56),1885.42,1575.94
2022,04,30,대전광역시,30200,유성구,3020011100,봉명동,J,정보통신업(58-63),2640.0,1426.6
2022,04,30,대전광역시,30200,유성구,3020011100,봉명동,M,전문  과학 및 기술 서비스업(70-73),1611.11,439.48
2022,04,30,대전광역시,30200,유성구,3020011100,봉명동,N,사업시설 관리  사업 지원 및 임대 서비스업(74-76),500.0,278.87
2022,04,30,대전광역시,30200,유성구,3020011100,봉명동,O,공공 행정  국방 및 사회보장 행정(84),725.0,722.13
2022,04,30,대전광역시,30200,유성구,3020011100,봉명동,P,교육 서비스업(85),709.47,383.39
2022,04,30,대전광역시,30200,유성구,3020011100,봉명동,Q,보건업 및 사회복지 서비스업(86-87),2517.11,823.31
2022,04,30,대전광역시,30200,유성구,3020011100,봉명동,R,예술  스포츠 및 여가관련 서비스업(90-91),2942.5,389.59
2022,04,30,대전광역시,30200,유성구,3020011100,봉명동,S,협회 및 단체  수리 및 기타 개인 서비스업(94-96),1737.98,791.09
2022,04,30,대전광역시,30200,유성구,3020011200,구암동,C,제조업(10-34),300.0,192.95
2022,04,30,대전광역시,30200,유성구,3020011200,구암동,G,도매 및 소매업(45-47),7157.55,6752.65
2022,04,30,대전광역시,30200,유성구,3020011200,구암동,H,운수 및 창고업(49-52),42.86,132.0
2022,04,30,대전광역시,30200,유성구,3020011200,구암동,I,숙박 및 음식점업(55-56),3608.94,3715.03
2022,04,30,대전광역시,30200,유성구,3020011200,구암동,J,정보통신업(58-63),33.85,11.26
2022,04,30,대전광역시,30200,유성구,3020011200,구암동,M,전문  과학 및 기술 서비스업(70-73),50.0,32.86
2022,04,30,대전광역시,30200,유성구,3020011200,구암동,O,공공 행정  국방 및 사회보장 행정(84),100.0,50.56
2022,04,30,대전광역시,30200,유성구,3020011200,구암동,P,교육 서비스업(85),111.11,79.56
2022,04,30,대전광역시,30200,유성구,3020011200,구암동,Q,보건업 및 사회복지 서비스업(86-87),320.58,188.28
2022,04,30,대전광역시,30200,유성구,3020011200,구암동,R,예술  스포츠 및 여가관련 서비스업(90-91),1023.81,158.25
2022,04,30,대전광역시,30200,유성구,3020011200,구암동,S,협회 및 단체  수리 및 기타 개인 서비스업(94-96),299.12,163.27
2022,04,30,대전광역시,30200,유성구,3020011300,덕명동,C,제조업(10-34),533.33,307.26
2022,04,30,대전광역시,30200,유성구,3020011300,덕명동,G,도매 및 소매업(45-47),5172.41,3329.44
2022,04,30,대전광역시,30200,유성구,3020011300,덕명동,I,숙박 및 음식점업(55-56),3286.93,2650.95
2022,04,30,대전광역시,30200,유성구,3020011300,덕명동,J,정보통신업(58-63),185.86,40.3
2022,04,30,대전광역시,30200,유성구,3020011300,덕명동,M,전문  과학 및 기술 서비스업(70-73),166.67,5.46
2022,04,30,대전광역시,30200,유성구,3020011300,덕명동,P,교육 서비스업(85),1328.57,497.54
2022,04,30,대전광역시,30200,유성구,3020011300,덕명동,Q,보건업 및 사회복지 서비스업(86-87),9137.5,17762.96
2022,04,30,대전광역시,30200,유성구,3020011300,덕명동,R,예술  스포츠 및 여가관련 서비스업(90-91),4295.0,199.79
2022,04,30,대전광역시,30200,유성구,3020011300,덕명동,S,협회 및 단체  수리 및 기타 개인 서비스업(94-96),5441.67,1031.96
2022,04,30,대전광역시,30200,유성구,3020011400,원신흥동,C,제조업(10-34),681.82,524.83
2022,04,30,대전광역시,30200,유성구,3020011400,원신흥동,G,도매 및 소매업(45-47),3600.45,2867.8
2022,04,30,대전광역시,30200,유성구,3020011400,원신흥동,H,운수 및 창고업(49-52),400.0,3645.68
2022,04,30,대전광역시,30200,유성구,3020011400,원신흥동,I,숙박 및 음식점업(55-56),2285.88,1932.04
2022,04,30,대전광역시,30200,유성구,3020011400,원신흥동,J,정보통신업(58-63),25.58,33.56
2022,04,30,대전광역시,30200,유성구,3020011400,원신흥동,M,전문  과학 및 기술 서비스업(70-73),144.83,195.98
2022,04,30,대전광역시,30200,유성구,3020011400,원신흥동,N,사업시설 관리  사업 지원 및 임대 서비스업(74-76),38.89,69.64
2022,04,30,대전광역시,30200,유성구,3020011400,원신흥동,O,공공 행정  국방 및 사회보장 행정(84),1033.33,3558.33
2022,04,30,대전광역시,30200,유성구,3020011400,원신흥동,P,교육 서비스업(85),1450.0,650.08
2022,04,30,대전광역시,30200,유성구,3020011400,원신흥동,Q,보건업 및 사회복지 서비스업(86-87),3151.67,1235.27
2022,04,30,대전광역시,30200,유성구,3020011400,원신흥동,R,예술  스포츠 및 여가관련 서비스업(90-91),2800.0,920.61
2022,04,30,대전광역시,30200,유성구,3020011400,원신흥동,S,협회 및 단체  수리 및 기타 개인 서비스업(94-96),2817.86,1822.28
2022,04,30,대전광역시,30200,유성구,3020011500,상대동,C,제조업(10-34),565.52,463.14
2022,04,30,대전광역시,30200,유성구,3020011500,상대동,G,도매 및 소매업(45-47),2231.58,1694.7
2022,04,30,대전광역시,30200,유성구,3020011500,상대동,H,운수 및 창고업(49-52),1766.67,2500.0
2022,04,30,대전광역시,30200,유성구,3020011500,상대동,I,숙박 및 음식점업(55-56),1816.63,1443.05
2022,04,30,대전광역시,30200,유성구,3020011500,상대동,J,정보통신업(58-63),2854.55,3073.79
2022,04,30,대전광역시,30200,유성구,3020011500,상대동,M,전문  과학 및 기술 서비스업(70-73),265.0,198.16
2022,04,30,대전광역시,30200,유성구,3020011500,상대동,N,사업시설 관리  사업 지원 및 임대 서비스업(74-76),100.87,118.41
2022,04,30,대전광역시,30200,유성구,3020011500,상대동,O,공공 행정  국방 및 사회보장 행정(84),866.67,6265.79
2022,04,30,대전광역시,30200,유성구,3020011500,상대동,P,교육 서비스업(85),1192.13,694.69
2022,04,30,대전광역시,30200,유성구,3020011500,상대동,Q,보건업 및 사회복지 서비스업(86-87),2089.39,569.09
2022,04,30,대전광역시,30200,유성구,3020011500,상대동,R,예술  스포츠 및 여가관련 서비스업(90-91),2528.57,269.34
2022,04,30,대전광역시,30200,유성구,3020011500,상대동,S,협회 및 단체  수리 및 기타 개인 서비스업(94-96),1665.58,897.6
2022,04,30,대전광역시,30200,유성구,3020011600,복용동,G,도매 및 소매업(45-47),222.71,196.67
2022,04,30,대전광역시,30200,유성구,3020011600,복용동,I,숙박 및 음식점업(55-56),177.86,188.7
2022,04,30,대전광역시,30200,유성구,3020011600,복용동,Q,보건업 및 사회복지 서비스업(86-87),75.0,12.09
2022,04,30,대전광역시,30200,유성구,3020011600,복용동,R,예술  스포츠 및 여가관련 서비스업(90-91),500.0,57.02
2022,04,30,대전광역시,30200,유성구,3020011600,복용동,S,협회 및 단체  수리 및 기타 개인 서비스업(94-96),50.0,18.72
2022,04,30,대전광역시,30200,유성구,3020011700,장대동,C,제조업(10-34),113.33,59.02
2022,04,30,대전광역시,30200,유성구,3020011700,장대동,G,도매 및 소매업(45-47),4664.37,3262.58
2022,04,30,대전광역시,30200,유성구,3020011700,장대동,I,숙박 및 음식점업(55-56),2954.02,2280.05
2022,04,30,대전광역시,30200,유성구,3020011700,장대동,J,정보통신업(58-63),224.63,77.95
2022,04,30,대전광역시,30200,유성구,3020011700,장대동,M,전문  과학 및 기술 서비스업(70-73),253.33,112.82
2022,04,30,대전광역시,30200,유성구,3020011700,장대동,N,사업시설 관리  사업 지원 및 임대 서비스업(74-76),245.71,165.74
2022,04,30,대전광역시,30200,유성구,3020011700,장대동,O,공공 행정  국방 및 사회보장 행정(84),133.33,10.94
2022,04,30,대전광역시,30200,유성구,3020011700,장대동,P,교육 서비스업(85),1266.67,597.9
2022,04,30,대전광역시,30200,유성구,3020011700,장대동,Q,보건업 및 사회복지 서비스업(86-87),9476.47,1850.99
2022,04,30,대전광역시,30200,유성구,3020011700,장대동,R,예술  스포츠 및 여가관련 서비스업(90-91),680.3,63.52
2022,04,30,대전광역시,30200,유성구,3020011700,장대동,S,협회 및 단체  수리 및 기타 개인 서비스업(94-96),3430.43,2261.85
2022,04,30,대전광역시,30200,유성구,3020011800,갑동,G,도매 및 소매업(45-47),241.67,260.97
2022,04,30,대전광역시,30200,유성구,3020011800,갑동,I,숙박 및 음식점업(55-56),130.77,191.79
2022,04,30,대전광역시,30200,유성구,3020011800,갑동,Q,보건업 및 사회복지 서비스업(86-87),50.0,59.34
2022,04,30,대전광역시,30200,유성구,3020011800,갑동,S,협회 및 단체  수리 및 기타 개인 서비스업(94-96),133.33,17.75
2022,04,30,대전광역시,30200,유성구,3020011900,노은동,C,제조업(10-34),460.0,290.78
2022,04,30,대전광역시,30200,유성구,3020011900,노은동,G,도매 및 소매업(45-47),1518.34,1034.66
2022,04,30,대전광역시,30200,유성구,3020011900,노은동,H,운수 및 창고업(49-52),100.0,144.74
2022,04,30,대전광역시,30200,유성구,3020011900,노은동,I,숙박 및 음식점업(55-56),1286.43,1168.51
2022,04,30,대전광역시,30200,유성구,3020011900,노은동,J,정보통신업(58-63),721.43,271.66
2022,04,30,대전광역시,30200,유성구,3020011900,노은동,M,전문  과학 및 기술 서비스업(70-73),1866.67,3376.23
2022,04,30,대전광역시,30200,유성구,3020011900,노은동,N,사업시설 관리  사업 지원 및 임대 서비스업(74-76),2520.0,503.95
2022,04,30,대전광역시,30200,유성구,3020011900,노은동,O,공공 행정  국방 및 사회보장 행정(84),675.0,1368.42
2022,04,30,대전광역시,30200,유성구,3020011900,노은동,P,교육 서비스업(85),478.37,273.27
2022,04,30,대전광역시,30200,유성구,3020011900,노은동,Q,보건업 및 사회복지 서비스업(86-87),1393.49,591.26
2022,04,30,대전광역시,30200,유성구,3020011900,노은동,R,예술  스포츠 및 여가관련 서비스업(90-91),2207.69,471.38
2022,04,30,대전광역시,30200,유성구,3020011900,노은동,S,협회 및 단체  수리 및 기타 개인 서비스업(94-96),1191.34,720.37
2022,04,30,대전광역시,30200,유성구,3020012000,지족동,C,제조업(10-34),681.2,618.55
2022,04,30,대전광역시,30200,유성구,3020012000,지족동,G,도매 및 소매업(45-47),1886.82,1075.96
2022,04,30,대전광역시,30200,유성구,3020012000,지족동,H,운수 및 창고업(49-52),62.5,36.63
2022,04,30,대전광역시,30200,유성구,3020012000,지족동,I,숙박 및 음식점업(55-56),1537.13,1301.88
2022,04,30,대전광역시,30200,유성구,3020012000,지족동,J,정보통신업(58-63),5766.67,6225.43
2022,04,30,대전광역시,30200,유성구,3020012000,지족동,L,부동산업(68),1633.33,2611.36
2022,04,30,대전광역시,30200,유성구,3020012000,지족동,M,전문  과학 및 기술 서비스업(70-73),3700.0,588.36
2022,04,30,대전광역시,30200,유성구,3020012000,지족동,N,사업시설 관리  사업 지원 및 임대 서비스업(74-76),1094.23,846.21
2022,04,30,대전광역시,30200,유성구,3020012000,지족동,O,공공 행정  국방 및 사회보장 행정(84),858.33,1272.81
2022,04,30,대전광역시,30200,유성구,3020012000,지족동,P,교육 서비스업(85),566.71,332.17
2022,04,30,대전광역시,30200,유성구,3020012000,지족동,Q,보건업 및 사회복지 서비스업(86-87),2124.13,551.98
2022,04,30,대전광역시,30200,유성구,3020012000,지족동,R,예술  스포츠 및 여가관련 서비스업(90-91),2622.22,367.58
2022,04,30,대전광역시,30200,유성구,3020012000,지족동,S,협회 및 단체  수리 및 기타 개인 서비스업(94-96),1503.61,611.73
2022,04,30,대전광역시,30200,유성구,3020012100,죽동,C,제조업(10-34),237.5,134.95
2022,04,30,대전광역시,30200,유성구,3020012100,죽동,G,도매 및 소매업(45-47),2289.15,1455.83
2022,04,30,대전광역시,30200,유성구,3020012100,죽동,H,운수 및 창고업(49-52),21.43,34.26
2022,04,30,대전광역시,30200,유성구,3020012100,죽동,I,숙박 및 음식점업(55-56),1745.58,1338.87
2022,04,30,대전광역시,30200,유성구,3020012100,죽동,J,정보통신업(58-63),4200.0,1600.8
2022,04,30,대전광역시,30200,유성구,3020012100,죽동,M,전문  과학 및 기술 서비스업(70-73),1425.0,2643.95
2022,04,30,대전광역시,30200,유성구,3020012100,죽동,N,사업시설 관리  사업 지원 및 임대 서비스업(74-76),18.82,14.29
2022,04,30,대전광역시,30200,유성구,3020012100,죽동,O,공공 행정  국방 및 사회보장 행정(84),300.0,163.33
2022,04,30,대전광역시,30200,유성구,3020012100,죽동,P,교육 서비스업(85),965.79,561.72
2022,04,30,대전광역시,30200,유성구,3020012100,죽동,Q,보건업 및 사회복지 서비스업(86-87),2040.5,388.38
2022,04,30,대전광역시,30200,유성구,3020012100,죽동,R,예술  스포츠 및 여가관련 서비스업(90-91),3092.31,164.64
2022,04,30,대전광역시,30200,유성구,3020012100,죽동,S,협회 및 단체  수리 및 기타 개인 서비스업(94-96),1682.02,765.32
2022,04,30,대전광역시,30200,유성구,3020012200,궁동,C,제조업(10-34),178.57,177.89
2022,04,30,대전광역시,30200,유성구,3020012200,궁동,G,도매 및 소매업(45-47),12676.34,9996.55
2022,04,30,대전광역시,30200,유성구,3020012200,궁동,I,숙박 및 음식점업(55-56),6914.08,6206.44
2022,04,30,대전광역시,30200,유성구,3020012200,궁동,J,정보통신업(58-63),143066.67,42167.52
2022,04,30,대전광역시,30200,유성구,3020012200,궁동,M,전문  과학 및 기술 서비스업(70-73),6160.0,3591.4
2022,04,30,대전광역시,30200,유성구,3020012200,궁동,N,사업시설 관리  사업 지원 및 임대 서비스업(74-76),5600.0,4414.29
2022,04,30,대전광역시,30200,유성구,3020012200,궁동,O,공공 행정  국방 및 사회보장 행정(84),75.0,256.25
2022,04,30,대전광역시,30200,유성구,3020012200,궁동,P,교육 서비스업(85),725.93,174.42
2022,04,30,대전광역시,30200,유성구,3020012200,궁동,Q,보건업 및 사회복지 서비스업(86-87),27900.0,67257.68
2022,04,30,대전광역시,30200,유성구,3020012200,궁동,R,예술  스포츠 및 여가관련 서비스업(90-91),1853.94,156.81
2022,04,30,대전광역시,30200,유성구,3020012200,궁동,S,협회 및 단체  수리 및 기타 개인 서비스업(94-96),8762.5,8114.0
2022,04,30,대전광역시,30200,유성구,3020012300,어은동,C,제조업(10-34),328.57,317.72
2022,04,30,대전광역시,30200,유성구,3020012300,어은동,G,도매 및 소매업(45-47),4100.0,2989.59
2022,04,30,대전광역시,30200,유성구,3020012300,어은동,H,운수 및 창고업(49-52),37.5,65.79
2022,04,30,대전광역시,30200,유성구,3020012300,어은동,I,숙박 및 음식점업(55-56),3298.49,2888.96
2022,04,30,대전광역시,30200,유성구,3020012300,어은동,J,정보통신업(58-63),987.5,779.11
2022,04,30,대전광역시,30200,유성구,3020012300,어은동,M,전문  과학 및 기술 서비스업(70-73),164.71,61.65
2022,04,30,대전광역시,30200,유성구,3020012300,어은동,N,사업시설 관리  사업 지원 및 임대 서비스업(74-76),42.5,22.96
2022,04,30,대전광역시,30200,유성구,3020012300,어은동,O,공공 행정  국방 및 사회보장 행정(84),226.32,219.13
2022,04,30,대전광역시,30200,유성구,3020012300,어은동,P,교육 서비스업(85),1418.18,417.38
2022,04,30,대전광역시,30200,유성구,3020012300,어은동,Q,보건업 및 사회복지 서비스업(86-87),4038.3,1324.66
2022,04,30,대전광역시,30200,유성구,3020012300,어은동,R,예술  스포츠 및 여가관련 서비스업(90-91),1041.38,63.42
2022,04,30,대전광역시,30200,유성구,3020012300,어은동,S,협회 및 단체  수리 및 기타 개인 서비스업(94-96),5191.3,3969.84
2022,04,30,대전광역시,30200,유성구,3020012400,구성동,C,제조업(10-34),27.27,20.8
2022,04,30,대전광역시,30200,유성구,3020012400,구성동,G,도매 및 소매업(45-47),12595.77,8384.82
2022,04,30,대전광역시,30200,유성구,3020012400,구성동,I,숙박 및 음식점업(55-56),7511.03,5008.91
2022,04,30,대전광역시,30200,유성구,3020012400,구성동,J,정보통신업(58-63),34.75,16.36
2022,04,30,대전광역시,30200,유성구,3020012400,구성동,M,전문  과학 및 기술 서비스업(70-73),800.0,133.91
2022,04,30,대전광역시,30200,유성구,3020012400,구성동,N,사업시설 관리  사업 지원 및 임대 서비스업(74-76),300.0,660.66
2022,04,30,대전광역시,30200,유성구,3020012400,구성동,P,교육 서비스업(85),60.0,1379.31
2022,04,30,대전광역시,30200,유성구,3020012400,구성동,Q,보건업 및 사회복지 서비스업(86-87),282.35,235.05
2022,04,30,대전광역시,30200,유성구,3020012400,구성동,R,예술  스포츠 및 여가관련 서비스업(90-91),3064.52,92.57
2022,04,30,대전광역시,30200,유성구,3020012400,구성동,S,협회 및 단체  수리 및 기타 개인 서비스업(94-96),352.66,206.48
2022,04,30,대전광역시,30200,유성구,3020012500,신성동,C,제조업(10-34),410.0,295.63
2022,04,30,대전광역시,30200,유성구,3020012500,신성동,G,도매 및 소매업(45-47),2968.54,2129.54
2022,04,30,대전광역시,30200,유성구,3020012500,신성동,H,운수 및 창고업(49-52),116.67,278.35
2022,04,30,대전광역시,30200,유성구,3020012500,신성동,I,숙박 및 음식점업(55-56),2509.68,2141.23
2022,04,30,대전광역시,30200,유성구,3020012500,신성동,J,정보통신업(58-63),1.8199999999999998,1.18
2022,04,30,대전광역시,30200,유성구,3020012500,신성동,M,전문  과학 및 기술 서비스업(70-73),61.11,32.96
2022,04,30,대전광역시,30200,유성구,3020012500,신성동,N,사업시설 관리  사업 지원 및 임대 서비스업(74-76),250.0,133.45
2022,04,30,대전광역시,30200,유성구,3020012500,신성동,O,공공 행정  국방 및 사회보장 행정(84),83.87,126.53
2022,04,30,대전광역시,30200,유성구,3020012500,신성동,P,교육 서비스업(85),562.32,319.53
2022,04,30,대전광역시,30200,유성구,3020012500,신성동,Q,보건업 및 사회복지 서비스업(86-87),2506.58,613.3
2022,04,30,대전광역시,30200,유성구,3020012500,신성동,R,예술  스포츠 및 여가관련 서비스업(90-91),6600.0,1977.59
2022,04,30,대전광역시,30200,유성구,3020012500,신성동,S,협회 및 단체  수리 및 기타 개인 서비스업(94-96),1964.91,1140.49
2022,04,30,대전광역시,30200,유성구,3020012600,가정동,G,도매 및 소매업(45-47),4491.67,11049.53
2022,04,30,대전광역시,30200,유성구,3020012600,가정동,I,숙박 및 음식점업(55-56),3142.86,2480.26
2022,04,30,대전광역시,30200,유성구,3020012600,가정동,Q,보건업 및 사회복지 서비스업(86-87),680.0,122.26
2022,04,30,대전광역시,30200,유성구,3020012600,가정동,S,협회 및 단체  수리 및 기타 개인 서비스업(94-96),169.23,97.46
2022,04,30,대전광역시,30200,유성구,3020012700,도룡동,C,제조업(10-34),100.0,102.9
2022,04,30,대전광역시,30200,유성구,3020012700,도룡동,G,도매 및 소매업(45-47),2637.91,2673.41
2022,04,30,대전광역시,30200,유성구,3020012700,도룡동,I,숙박 및 음식점업(55-56),2405.39,1890.04
2022,04,30,대전광역시,30200,유성구,3020012700,도룡동,J,정보통신업(58-63),22.22,2.57
2022,04,30,대전광역시,30200,유성구,3020012700,도룡동,O,공공 행정  국방 및 사회보장 행정(84),112.5,125.5
2022,04,30,대전광역시,30200,유성구,3020012700,도룡동,P,교육 서비스업(85),834.78,382.53
2022,04,30,대전광역시,30200,유성구,3020012700,도룡동,Q,보건업 및 사회복지 서비스업(86-87),2900.0,2579.12
2022,04,30,대전광역시,30200,유성구,3020012700,도룡동,R,예술  스포츠 및 여가관련 서비스업(90-91),3466.67,5929.51
2022,04,30,대전광역시,30200,유성구,3020012700,도룡동,S,협회 및 단체  수리 및 기타 개인 서비스업(94-96),4654.55,5100.4
2022,04,30,대전광역시,30200,유성구,3020012800,장동,G,도매 및 소매업(45-47),27800.0,79100.84
2022,04,30,대전광역시,30200,유성구,3020012800,장동,I,숙박 및 음식점업(55-56),3609.76,2948.07
2022,04,30,대전광역시,30200,유성구,3020012800,장동,Q,보건업 및 사회복지 서비스업(86-87),138.46,167.45
2022,04,30,대전광역시,30200,유성구,3020012800,장동,R,예술  스포츠 및 여가관련 서비스업(90-91),60.0,68.5
2022,04,30,대전광역시,30200,유성구,3020012800,장동,S,협회 및 단체  수리 및 기타 개인 서비스업(94-96),150.0,230.07
2022,04,30,대전광역시,30200,유성구,3020013000,화암동,G,도매 및 소매업(45-47),80.26,58.2
2022,04,30,대전광역시,30200,유성구,3020013000,화암동,I,숙박 및 음식점업(55-56),6800.0,5511.31
2022,04,30,대전광역시,30200,유성구,3020013100,덕진동,G,도매 및 소매업(45-47),148.53,158.07
2022,04,30,대전광역시,30200,유성구,3020013100,덕진동,I,숙박 및 음식점업(55-56),6266.67,1966.78
2022,04,30,대전광역시,30200,유성구,3020013100,덕진동,S,협회 및 단체  수리 및 기타 개인 서비스업(94-96),50.0,25.03
2022,04,30,대전광역시,30200,유성구,3020013200,하기동,C,제조업(10-34),473.33,475.19
2022,04,30,대전광역시,30200,유성구,3020013200,하기동,G,도매 및 소매업(45-47),1935.12,1210.09
2022,04,30,대전광역시,30200,유성구,3020013200,하기동,I,숙박 및 음식점업(55-56),1725.73,1406.28
2022,04,30,대전광역시,30200,유성구,3020013200,하기동,J,정보통신업(58-63),3.85,3.8
2022,04,30,대전광역시,30200,유성구,3020013200,하기동,M,전문  과학 및 기술 서비스업(70-73),30.95,25.53
2022,04,30,대전광역시,30200,유성구,3020013200,하기동,N,사업시설 관리  사업 지원 및 임대 서비스업(74-76),57.14,59.8
2022,04,30,대전광역시,30200,유성구,3020013200,하기동,O,공공 행정  국방 및 사회보장 행정(84),87.5,44.42
2022,04,30,대전광역시,30200,유성구,3020013200,하기동,P,교육 서비스업(85),620.91,336.76
2022,04,30,대전광역시,30200,유성구,3020013200,하기동,Q,보건업 및 사회복지 서비스업(86-87),2303.41,690.34
2022,04,30,대전광역시,30200,유성구,3020013200,하기동,R,예술  스포츠 및 여가관련 서비스업(90-91),2123.08,397.03
2022,04,30,대전광역시,30200,유성구,3020013200,하기동,S,협회 및 단체  수리 및 기타 개인 서비스업(94-96),1503.33,524.39
2022,04,30,대전광역시,30200,유성구,3020013300,추목동,C,제조업(10-34),75.0,210.66
2022,04,30,대전광역시,30200,유성구,3020013300,추목동,G,도매 및 소매업(45-47),7701.49,10791.71
2022,04,30,대전광역시,30200,유성구,3020013300,추목동,I,숙박 및 음식점업(55-56),12256.25,3577.42
2022,04,30,대전광역시,30200,유성구,3020013300,추목동,J,정보통신업(58-63),150.0,127.17
2022,04,30,대전광역시,30200,유성구,3020013300,추목동,O,공공 행정  국방 및 사회보장 행정(84),223.08,267.4
2022,04,30,대전광역시,30200,유성구,3020013300,추목동,P,교육 서비스업(85),142.31,133.11
2022,04,30,대전광역시,30200,유성구,3020013300,추목동,Q,보건업 및 사회복지 서비스업(86-87),267.14,156.06
2022,04,30,대전광역시,30200,유성구,3020013300,추목동,R,예술  스포츠 및 여가관련 서비스업(90-91),437.14,527.75
2022,04,30,대전광역시,30200,유성구,3020013300,추목동,S,협회 및 단체  수리 및 기타 개인 서비스업(94-96),315.38,156.07
2022,04,30,대전광역시,30200,유성구,3020013400,자운동,G,도매 및 소매업(45-47),550.0,787.93
2022,04,30,대전광역시,30200,유성구,3020013400,자운동,I,숙박 및 음식점업(55-56),343.75,155.85
2022,04,30,대전광역시,30200,유성구,3020013500,신봉동,G,도매 및 소매업(45-47),7950.0,13543.68
2022,04,30,대전광역시,30200,유성구,3020013500,신봉동,I,숙박 및 음식점업(55-56),9572.73,10504.12
2022,04,30,대전광역시,30200,유성구,3020013500,신봉동,M,전문  과학 및 기술 서비스업(70-73),100.0,83.0
2022,04,30,대전광역시,30200,유성구,3020013500,신봉동,N,사업시설 관리  사업 지원 및 임대 서비스업(74-76),250.0,294.38
2022,04,30,대전광역시,30200,유성구,3020013500,신봉동,P,교육 서비스업(85),56.25,37.96
2022,04,30,대전광역시,30200,유성구,3020013500,신봉동,Q,보건업 및 사회복지 서비스업(86-87),217.14,118.07
2022,04,30,대전광역시,30200,유성구,3020013500,신봉동,R,예술  스포츠 및 여가관련 서비스업(90-91),168.67,143.7
2022,04,30,대전광역시,30200,유성구,3020013500,신봉동,S,협회 및 단체  수리 및 기타 개인 서비스업(94-96),563.16,307.77
2022,04,30,대전광역시,30200,유성구,3020013600,수남동,G,도매 및 소매업(45-47),1490.91,3229.3
2022,04,30,대전광역시,30200,유성구,3020013600,수남동,I,숙박 및 음식점업(55-56),320.24,278.2
2022,04,30,대전광역시,30200,유성구,3020013600,수남동,Q,보건업 및 사회복지 서비스업(86-87),71.43,9.59
2022,04,30,대전광역시,30200,유성구,3020013600,수남동,S,협회 및 단체  수리 및 기타 개인 서비스업(94-96),25.0,29.02
2022,04,30,대전광역시,30200,유성구,3020013700,안산동,G,도매 및 소매업(45-47),120.0,35.68
2022,04,30,대전광역시,30200,유성구,3020013700,안산동,I,숙박 및 음식점업(55-56),133.33,67.93
2022,04,30,대전광역시,30200,유성구,3020013800,외삼동,G,도매 및 소매업(45-47),123.73,127.74
2022,04,30,대전광역시,30200,유성구,3020013800,외삼동,I,숙박 및 음식점업(55-56),184.21,185.95
2022,04,30,대전광역시,30200,유성구,3020013800,외삼동,Q,보건업 및 사회복지 서비스업(86-87),400.0,1758.09
2022,04,30,대전광역시,30200,유성구,3020013900,반석동,C,제조업(10-34),542.86,527.34
2022,04,30,대전광역시,30200,유성구,3020013900,반석동,G,도매 및 소매업(45-47),3144.57,1637.13
2022,04,30,대전광역시,30200,유성구,3020013900,반석동,I,숙박 및 음식점업(55-56),2550.85,2273.26
2022,04,30,대전광역시,30200,유성구,3020013900,반석동,M,전문  과학 및 기술 서비스업(70-73),164.29,113.51
2022,04,30,대전광역시,30200,유성구,3020013900,반석동,N,사업시설 관리  사업 지원 및 임대 서비스업(74-76),82.19,47.16
2022,04,30,대전광역시,30200,유성구,3020013900,반석동,O,공공 행정  국방 및 사회보장 행정(84),157.89,213.75
2022,04,30,대전광역시,30200,유성구,3020013900,반석동,P,교육 서비스업(85),801.92,541.49
2022,04,30,대전광역시,30200,유성구,3020013900,반석동,Q,보건업 및 사회복지 서비스업(86-87),3556.34,1535.7
2022,04,30,대전광역시,30200,유성구,3020013900,반석동,R,예술  스포츠 및 여가관련 서비스업(90-91),2715.38,296.74
2022,04,30,대전광역시,30200,유성구,3020013900,반석동,S,협회 및 단체  수리 및 기타 개인 서비스업(94-96),2106.06,895.69
2022,04,30,대전광역시,30200,유성구,3020014000,문지동,C,제조업(10-34),33.33,51.99
2022,04,30,대전광역시,30200,유성구,3020014000,문지동,G,도매 및 소매업(45-47),2513.05,1633.68
2022,04,30,대전광역시,30200,유성구,3020014000,문지동,I,숙박 및 음식점업(55-56),1989.14,1545.39
2022,04,30,대전광역시,30200,유성구,3020014000,문지동,J,정보통신업(58-63),37.93,38.26
2022,04,30,대전광역시,30200,유성구,3020014000,문지동,M,전문  과학 및 기술 서비스업(70-73),100.0,531.7
2022,04,30,대전광역시,30200,유성구,3020014000,문지동,O,공공 행정  국방 및 사회보장 행정(84),47.83,147.55
2022,04,30,대전광역시,30200,유성구,3020014000,문지동,P,교육 서비스업(85),4833.33,1913.29
2022,04,30,대전광역시,30200,유성구,3020014000,문지동,Q,보건업 및 사회복지 서비스업(86-87),4269.23,6038.08
2022,04,30,대전광역시,30200,유성구,3020014000,문지동,R,예술  스포츠 및 여가관련 서비스업(90-91),261.11,135.61
2022,04,30,대전광역시,30200,유성구,3020014000,문지동,S,협회 및 단체  수리 및 기타 개인 서비스업(94-96),3192.86,2967.41
2022,04,30,대전광역시,30200,유성구,3020014100,전민동,C,제조업(10-34),995.24,1055.1
2022,04,30,대전광역시,30200,유성구,3020014100,전민동,G,도매 및 소매업(45-47),2909.15,2149.22
2022,04,30,대전광역시,30200,유성구,3020014100,전민동,H,운수 및 창고업(49-52),12.5,6.13
2022,04,30,대전광역시,30200,유성구,3020014100,전민동,I,숙박 및 음식점업(55-56),2234.48,1910.36
2022,04,30,대전광역시,30200,유성구,3020014100,전민동,J,정보통신업(58-63),19166.67,22161.88
2022,04,30,대전광역시,30200,유성구,3020014100,전민동,M,전문  과학 및 기술 서비스업(70-73),145.0,100.28
2022,04,30,대전광역시,30200,유성구,3020014100,전민동,N,사업시설 관리  사업 지원 및 임대 서비스업(74-76),120.47,52.67
2022,04,30,대전광역시,30200,유성구,3020014100,전민동,O,공공 행정  국방 및 사회보장 행정(84),1342.86,2041.68
2022,04,30,대전광역시,30200,유성구,3020014100,전민동,P,교육 서비스업(85),817.86,588.72
2022,04,30,대전광역시,30200,유성구,3020014100,전민동,Q,보건업 및 사회복지 서비스업(86-87),3088.89,1851.37
2022,04,30,대전광역시,30200,유성구,3020014100,전민동,R,예술  스포츠 및 여가관련 서비스업(90-91),6680.0,1376.51
2022,04,30,대전광역시,30200,유성구,3020014100,전민동,S,협회 및 단체  수리 및 기타 개인 서비스업(94-96),2149.31,1053.61
2022,04,30,대전광역시,30200,유성구,3020014200,원촌동,G,도매 및 소매업(45-47),4416.67,7945.14
2022,04,30,대전광역시,30200,유성구,3020014200,원촌동,I,숙박 및 음식점업(55-56),1210.34,402.11
2022,04,30,대전광역시,30200,유성구,3020014200,원촌동,S,협회 및 단체  수리 및 기타 개인 서비스업(94-96),42.86,41.74
2022,04,30,대전광역시,30200,유성구,3020014300,탑립동,G,도매 및 소매업(45-47),7875.0,39384.46
2022,04,30,대전광역시,30200,유성구,3020014300,탑립동,I,숙박 및 음식점업(55-56),1242.31,1007.82
2022,04,30,대전광역시,30200,유성구,3020014300,탑립동,Q,보건업 및 사회복지 서비스업(86-87),333.33,1854.76
2022,04,30,대전광역시,30200,유성구,3020014400,용산동,C,제조업(10-34),40.0,86.03
2022,04,30,대전광역시,30200,유성구,3020014400,용산동,G,도매 및 소매업(45-47),2278.74,2018.85
2022,04,30,대전광역시,30200,유성구,3020014400,용산동,I,숙박 및 음식점업(55-56),1712.22,1566.2
2022,04,30,대전광역시,30200,유성구,3020014400,용산동,M,전문  과학 및 기술 서비스업(70-73),50.0,52.29
2022,04,30,대전광역시,30200,유성구,3020014400,용산동,N,사업시설 관리  사업 지원 및 임대 서비스업(74-76),400.0,61.29
2022,04,30,대전광역시,30200,유성구,3020014400,용산동,O,공공 행정  국방 및 사회보장 행정(84),120.0,139.47
2022,04,30,대전광역시,30200,유성구,3020014400,용산동,P,교육 서비스업(85),503.85,370.63
2022,04,30,대전광역시,30200,유성구,3020014400,용산동,Q,보건업 및 사회복지 서비스업(86-87),3111.11,654.0
2022,04,30,대전광역시,30200,유성구,3020014400,용산동,R,예술  스포츠 및 여가관련 서비스업(90-91),76.47,69.11
2022,04,30,대전광역시,30200,유성구,3020014400,용산동,S,협회 및 단체  수리 및 기타 개인 서비스업(94-96),4700.0,3581.6
2022,04,30,대전광역시,30200,유성구,3020014500,봉산동,C,제조업(10-34),42.86,18.45
2022,04,30,대전광역시,30200,유성구,3020014500,봉산동,G,도매 및 소매업(45-47),6010.42,5340.57
2022,04,30,대전광역시,30200,유성구,3020014500,봉산동,I,숙박 및 음식점업(55-56),3063.73,2861.76
2022,04,30,대전광역시,30200,유성구,3020014500,봉산동,M,전문  과학 및 기술 서비스업(70-73),60.0,6.65
2022,04,30,대전광역시,30200,유성구,3020014500,봉산동,N,사업시설 관리  사업 지원 및 임대 서비스업(74-76),15.79,21.6
2022,04,30,대전광역시,30200,유성구,3020014500,봉산동,P,교육 서비스업(85),661.11,603.1
2022,04,30,대전광역시,30200,유성구,3020014500,봉산동,Q,보건업 및 사회복지 서비스업(86-87),33733.33,24798.96
2022,04,30,대전광역시,30200,유성구,3020014500,봉산동,R,예술  스포츠 및 여가관련 서비스업(90-91),2216.67,1309.67
2022,04,30,대전광역시,30200,유성구,3020014500,봉산동,S,협회 및 단체  수리 및 기타 개인 서비스업(94-96),5711.11,2907.75
2022,04,30,대전광역시,30200,유성구,3020014600,관평동,C,제조업(10-34),672.97,827.05
2022,04,30,대전광역시,30200,유성구,3020014600,관평동,G,도매 및 소매업(45-47),2302.86,1420.5
2022,04,30,대전광역시,30200,유성구,3020014600,관평동,H,운수 및 창고업(49-52),65.52,75.45
2022,04,30,대전광역시,30200,유성구,3020014600,관평동,I,숙박 및 음식점업(55-56),1827.73,1571.06
2022,04,30,대전광역시,30200,유성구,3020014600,관평동,J,정보통신업(58-63),466.67,544.0
2022,04,30,대전광역시,30200,유성구,3020014600,관평동,M,전문  과학 및 기술 서비스업(70-73),2183.33,3455.81
2022,04,30,대전광역시,30200,유성구,3020014600,관평동,N,사업시설 관리  사업 지원 및 임대 서비스업(74-76),2435.0,787.17
2022,04,30,대전광역시,30200,유성구,3020014600,관평동,O,공공 행정  국방 및 사회보장 행정(84),1357.14,1684.22
2022,04,30,대전광역시,30200,유성구,3020014600,관평동,P,교육 서비스업(85),788.22,482.55
2022,04,30,대전광역시,30200,유성구,3020014600,관평동,Q,보건업 및 사회복지 서비스업(86-87),2228.9,732.35
2022,04,30,대전광역시,30200,유성구,3020014600,관평동,R,예술  스포츠 및 여가관련 서비스업(90-91),3008.11,405.27
2022,04,30,대전광역시,30200,유성구,3020014600,관평동,S,협회 및 단체  수리 및 기타 개인 서비스업(94-96),1666.52,796.05
2022,04,30,대전광역시,30200,유성구,3020014700,송강동,C,제조업(10-34),146.53,147.41
2022,04,30,대전광역시,30200,유성구,3020014700,송강동,G,도매 및 소매업(45-47),6346.6,5358.15
2022,04,30,대전광역시,30200,유성구,3020014700,송강동,H,운수 및 창고업(49-52),21.05,14.24
2022,04,30,대전광역시,30200,유성구,3020014700,송강동,I,숙박 및 음식점업(55-56),4674.04,4425.31
2022,04,30,대전광역시,30200,유성구,3020014700,송강동,J,정보통신업(58-63),175.0,888.89
2022,04,30,대전광역시,30200,유성구,3020014700,송강동,M,전문  과학 및 기술 서비스업(70-73),100.0,53.7
2022,04,30,대전광역시,30200,유성구,3020014700,송강동,N,사업시설 관리  사업 지원 및 임대 서비스업(74-76),290.48,178.22
2022,04,30,대전광역시,30200,유성구,3020014700,송강동,O,공공 행정  국방 및 사회보장 행정(84),233.33,147.46
2022,04,30,대전광역시,30200,유성구,3020014700,송강동,P,교육 서비스업(85),7980.0,4050.71
2022,04,30,대전광역시,30200,유성구,3020014700,송강동,Q,보건업 및 사회복지 서비스업(86-87),18209.52,14532.23
2022,04,30,대전광역시,30200,유성구,3020014700,송강동,R,예술  스포츠 및 여가관련 서비스업(90-91),6920.0,548.94
2022,04,30,대전광역시,30200,유성구,3020014700,송강동,S,협회 및 단체  수리 및 기타 개인 서비스업(94-96),6144.44,3074.77
2022,04,30,대전광역시,30230,대덕구,3023010100,오정동,C,제조업(10-34),100.0,62.17
2022,04,30,대전광역시,30230,대덕구,3023010100,오정동,G,도매 및 소매업(45-47),14400.0,31689.23
2022,04,30,대전광역시,30230,대덕구,3023010100,오정동,I,숙박 및 음식점업(55-56),9006.25,6080.24
2022,04,30,대전광역시,30230,대덕구,3023010100,오정동,Q,보건업 및 사회복지 서비스업(86-87),100.0,6.97
2022,04,30,대전광역시,30230,대덕구,3023010200,대화동,G,도매 및 소매업(45-47),215.79,439.62
2022,04,30,대전광역시,30230,대덕구,3023010200,대화동,I,숙박 및 음식점업(55-56),276.24,258.35
2022,04,30,대전광역시,30230,대덕구,3023010200,대화동,S,협회 및 단체  수리 및 기타 개인 서비스업(94-96),100.0,189.47
2022,04,30,대전광역시,30230,대덕구,3023010300,읍내동,G,도매 및 소매업(45-47),400.0,973.27
2022,04,30,대전광역시,30230,대덕구,3023010300,읍내동,I,숙박 및 음식점업(55-56),318.49,401.38
2022,04,30,대전광역시,30230,대덕구,3023010400,연축동,G,도매 및 소매업(45-47),43.48,58.66
2022,04,30,대전광역시,30230,대덕구,3023010400,연축동,I,숙박 및 음식점업(55-56),100.0,168.81
2022,04,30,대전광역시,30230,대덕구,3023010500,신대동,G,도매 및 소매업(45-47),38.46,70.39
2022,04,30,대전광역시,30230,대덕구,3023010500,신대동,I,숙박 및 음식점업(55-56),77.78,145.25
2022,04,30,대전광역시,30230,대덕구,3023010600,와동,G,도매 및 소매업(45-47),16.67,37.37
2022,04,30,대전광역시,30230,대덕구,3023010600,와동,I,숙박 및 음식점업(55-56),312.5,333.73
2022,04,30,대전광역시,30230,대덕구,3023010700,송촌동,C,제조업(10-34),600.0,891.01
2022,04,30,대전광역시,30230,대덕구,3023010700,송촌동,G,도매 및 소매업(45-47),26663.64,65608.15
2022,04,30,대전광역시,30230,대덕구,3023010700,송촌동,I,숙박 및 음식점업(55-56),7702.22,5101.83
2022,04,30,대전광역시,30230,대덕구,3023010700,송촌동,M,전문  과학 및 기술 서비스업(70-73),160.0,82.81
2022,04,30,대전광역시,30230,대덕구,3023010700,송촌동,Q,보건업 및 사회복지 서비스업(86-87),233.33,69.49
2022,04,30,대전광역시,30230,대덕구,3023010700,송촌동,R,예술  스포츠 및 여가관련 서비스업(90-91),210.0,10.21
2022,04,30,대전광역시,30230,대덕구,3023010700,송촌동,S,협회 및 단체  수리 및 기타 개인 서비스업(94-96),85.71,147.26
2022,04,30,대전광역시,30230,대덕구,3023010800,법동,C,제조업(10-34),233.33,334.29
2022,04,30,대전광역시,30230,대덕구,3023010800,법동,G,도매 및 소매업(45-47),27050.0,63384.52
2022,04,30,대전광역시,30230,대덕구,3023010800,법동,I,숙박 및 음식점업(55-56),5866.1,6579.12
2022,04,30,대전광역시,30230,대덕구,3023010800,법동,Q,보건업 및 사회복지 서비스업(86-87),227.27,125.08
2022,04,30,대전광역시,30230,대덕구,3023010800,법동,R,예술  스포츠 및 여가관련 서비스업(90-91),300.0,49.28
2022,04,30,대전광역시,30230,대덕구,3023010800,법동,S,협회 및 단체  수리 및 기타 개인 서비스업(94-96),900.0,899.44
2022,04,30,대전광역시,30230,대덕구,3023010900,중리동,G,도매 및 소매업(45-47),654.87,329.32
2022,04,30,대전광역시,30230,대덕구,3023010900,중리동,I,숙박 및 음식점업(55-56),8873.33,4062.36
2022,04,30,대전광역시,30230,대덕구,3023010900,중리동,Q,보건업 및 사회복지 서비스업(86-87),475.0,199.97
2022,04,30,대전광역시,30230,대덕구,3023011000,비래동,C,제조업(10-34),166.67,298.08
2022,04,30,대전광역시,30230,대덕구,3023011000,비래동,G,도매 및 소매업(45-47),383.53,352.23
2022,04,30,대전광역시,30230,대덕구,3023011000,비래동,I,숙박 및 음식점업(55-56),6766.67,9033.05
2022,04,30,대전광역시,30230,대덕구,3023011000,비래동,Q,보건업 및 사회복지 서비스업(86-87),57.14,112.7
2022,04,30,대전광역시,30230,대덕구,3023011000,비래동,S,협회 및 단체  수리 및 기타 개인 서비스업(94-96),100.0,66.67
2022,04,30,대전광역시,30230,대덕구,3023011100,석봉동,G,도매 및 소매업(45-47),15881.82,26633.83
2022,04,30,대전광역시,30230,대덕구,3023011100,석봉동,I,숙박 및 음식점업(55-56),17215.79,14439.47
2022,04,30,대전광역시,30230,대덕구,3023011100,석봉동,J,정보통신업(58-63),180.0,1049.33
2022,04,30,대전광역시,30230,대덕구,3023011100,석봉동,O,공공 행정  국방 및 사회보장 행정(84),100.0,77.14
2022,04,30,대전광역시,30230,대덕구,3023011100,석봉동,Q,보건업 및 사회복지 서비스업(86-87),804.76,255.57
2022,04,30,대전광역시,30230,대덕구,3023011100,석봉동,R,예술  스포츠 및 여가관련 서비스업(90-91),50.0,2.95
2022,04,30,대전광역시,30230,대덕구,3023011100,석봉동,S,협회 및 단체  수리 및 기타 개인 서비스업(94-96),875.0,1388.35
2022,04,30,대전광역시,30230,대덕구,3023011200,목상동,G,도매 및 소매업(45-47),468.97,569.48
2022,04,30,대전광역시,30230,대덕구,3023011200,목상동,I,숙박 및 음식점업(55-56),9025.0,10290.91
2022,04,30,대전광역시,30230,대덕구,3023011200,목상동,Q,보건업 및 사회복지 서비스업(86-87),580.0,1890.12
2022,04,30,대전광역시,30230,대덕구,3023011200,목상동,S,협회 및 단체  수리 및 기타 개인 서비스업(94-96),233.33,28.25
2022,04,30,대전광역시,30230,대덕구,3023011300,문평동,G,도매 및 소매업(45-47),136.36,169.36
2022,04,30,대전광역시,30230,대덕구,3023011300,문평동,I,숙박 및 음식점업(55-56),133.33,260.33
2022,04,30,대전광역시,30230,대덕구,3023011300,문평동,Q,보건업 및 사회복지 서비스업(86-87),100.0,153.1
2022,04,30,대전광역시,30230,대덕구,3023011400,신일동,G,도매 및 소매업(45-47),296.67,101.58
2022,04,30,대전광역시,30230,대덕구,3023011400,신일동,I,숙박 및 음식점업(55-56),214.29,216.38
2022,04,30,대전광역시,30230,대덕구,3023011400,신일동,Q,보건업 및 사회복지 서비스업(86-87),233.33,1079.04
2022,04,30,대전광역시,30230,대덕구,3023011400,신일동,S,협회 및 단체  수리 및 기타 개인 서비스업(94-96),225.0,52.29
2022,04,30,대전광역시,30230,대덕구,3023011500,덕암동,G,도매 및 소매업(45-47),345.38,182.88
2022,04,30,대전광역시,30230,대덕구,3023011500,덕암동,I,숙박 및 음식점업(55-56),8925.0,11052.83
2022,04,30,대전광역시,30230,대덕구,3023011500,덕암동,Q,보건업 및 사회복지 서비스업(86-87),162.5,27.57
2022,04,30,대전광역시,30230,대덕구,3023011500,덕암동,R,예술  스포츠 및 여가관련 서비스업(90-91),100.0,130.77
2022,04,30,대전광역시,30230,대덕구,3023011500,덕암동,S,협회 및 단체  수리 및 기타 개인 서비스업(94-96),466.67,68.31
2022,04,30,대전광역시,30230,대덕구,3023011600,상서동,G,도매 및 소매업(45-47),441.67,112.11
2022,04,30,대전광역시,30230,대덕구,3023011600,상서동,I,숙박 및 음식점업(55-56),583.33,538.2
2022,04,30,대전광역시,30230,대덕구,3023011700,평촌동,G,도매 및 소매업(45-47),160.0,80.66
2022,04,30,대전광역시,30230,대덕구,3023011700,평촌동,I,숙박 및 음식점업(55-56),243.75,231.26
2022,04,30,대전광역시,30230,대덕구,3023011700,평촌동,Q,보건업 및 사회복지 서비스업(86-87),133.33,435.36
2022,04,30,대전광역시,30230,대덕구,3023012600,신탄진동,G,도매 및 소매업(45-47),929.82,637.68
2022,04,30,대전광역시,30230,대덕구,3023012600,신탄진동,I,숙박 및 음식점업(55-56),10050.0,8972.61
2022,04,30,대전광역시,30230,대덕구,3023012600,신탄진동,Q,보건업 및 사회복지 서비스업(86-87),675.0,2070.53
2022,04,30,대전광역시,30230,대덕구,3023012600,신탄진동,S,협회 및 단체  수리 및 기타 개인 서비스업(94-96),366.67,80.36
2022,04,36,세종특별자치시,NULL,NULL,3611010100,반곡동,G,도매 및 소매업(45-47),2182.14,1528.79
2022,04,36,세종특별자치시,NULL,NULL,3611010100,반곡동,I,숙박 및 음식점업(55-56),1066.46,957.37
2022,04,36,세종특별자치시,NULL,NULL,3611010100,반곡동,Q,보건업 및 사회복지 서비스업(86-87),1466.67,3813.85
2022,04,36,세종특별자치시,NULL,NULL,3611010100,반곡동,S,협회 및 단체  수리 및 기타 개인 서비스업(94-96),86.96,45.37
2022,04,36,세종특별자치시,NULL,NULL,3611010200,소담동,C,제조업(10-34),29.17,24.28
2022,04,36,세종특별자치시,NULL,NULL,3611010200,소담동,G,도매 및 소매업(45-47),1506.13,1418.91
2022,04,36,세종특별자치시,NULL,NULL,3611010200,소담동,H,운수 및 창고업(49-52),100.0,679.49
2022,04,36,세종특별자치시,NULL,NULL,3611010200,소담동,I,숙박 및 음식점업(55-56),1098.7,840.85
2022,04,36,세종특별자치시,NULL,NULL,3611010200,소담동,O,공공 행정  국방 및 사회보장 행정(84),100.0,39.06
2022,04,36,세종특별자치시,NULL,NULL,3611010200,소담동,Q,보건업 및 사회복지 서비스업(86-87),100.0,42.31
2022,04,36,세종특별자치시,NULL,NULL,3611010200,소담동,R,예술  스포츠 및 여가관련 서비스업(90-91),25.0,22.59
2022,04,36,세종특별자치시,NULL,NULL,3611010200,소담동,S,협회 및 단체  수리 및 기타 개인 서비스업(94-96),670.0,344.97
2022,04,36,세종특별자치시,NULL,NULL,3611010300,보람동,G,도매 및 소매업(45-47),774.32,657.43
2022,04,36,세종특별자치시,NULL,NULL,3611010300,보람동,I,숙박 및 음식점업(55-56),977.71,896.32
2022,04,36,세종특별자치시,NULL,NULL,3611010300,보람동,O,공공 행정  국방 및 사회보장 행정(84),100.0,54.67
2022,04,36,세종특별자치시,NULL,NULL,3611010300,보람동,Q,보건업 및 사회복지 서비스업(86-87),1166.67,268.46
2022,04,36,세종특별자치시,NULL,NULL,3611010300,보람동,R,예술  스포츠 및 여가관련 서비스업(90-91),780.0,1238.38
2022,04,36,세종특별자치시,NULL,NULL,3611010300,보람동,S,협회 및 단체  수리 및 기타 개인 서비스업(94-96),812.5,494.74
2022,04,36,세종특별자치시,NULL,NULL,3611010400,대평동,G,도매 및 소매업(45-47),1507.41,1239.51
2022,04,36,세종특별자치시,NULL,NULL,3611010400,대평동,I,숙박 및 음식점업(55-56),1268.94,1019.7
2022,04,36,세종특별자치시,NULL,NULL,3611010400,대평동,Q,보건업 및 사회복지 서비스업(86-87),120.0,44.23
2022,04,36,세종특별자치시,NULL,NULL,3611010400,대평동,R,예술  스포츠 및 여가관련 서비스업(90-91),116.67,185.42
2022,04,36,세종특별자치시,NULL,NULL,3611010400,대평동,S,협회 및 단체  수리 및 기타 개인 서비스업(94-96),183.33,45.64
2022,04,36,세종특별자치시,NULL,NULL,3611010600,한솔동,C,제조업(10-34),160.0,261.26
2022,04,36,세종특별자치시,NULL,NULL,3611010600,한솔동,G,도매 및 소매업(45-47),879.7,909.44
2022,04,36,세종특별자치시,NULL,NULL,3611010600,한솔동,I,숙박 및 음식점업(55-56),1070.55,1050.63
2022,04,36,세종특별자치시,NULL,NULL,3611010600,한솔동,O,공공 행정  국방 및 사회보장 행정(84),100.0,100.0
2022,04,36,세종특별자치시,NULL,NULL,3611010600,한솔동,Q,보건업 및 사회복지 서비스업(86-87),124.14,19.26
2022,04,36,세종특별자치시,NULL,NULL,3611010600,한솔동,S,협회 및 단체  수리 및 기타 개인 서비스업(94-96),450.0,1899.15
2022,04,36,세종특별자치시,NULL,NULL,3611010700,나성동,G,도매 및 소매업(45-47),1856.25,2570.16
2022,04,36,세종특별자치시,NULL,NULL,3611010700,나성동,I,숙박 및 음식점업(55-56),14225.0,24796.38
2022,04,36,세종특별자치시,NULL,NULL,3611010700,나성동,Q,보건업 및 사회복지 서비스업(86-87),50.0,222.69
2022,04,36,세종특별자치시,NULL,NULL,3611010800,새롬동,G,도매 및 소매업(45-47),1094.48,1232.5
2022,04,36,세종특별자치시,NULL,NULL,3611010800,새롬동,I,숙박 및 음식점업(55-56),963.41,757.21
2022,04,36,세종특별자치시,NULL,NULL,3611010800,새롬동,Q,보건업 및 사회복지 서비스업(86-87),2500.0,825.17
2022,04,36,세종특별자치시,NULL,NULL,3611010800,새롬동,S,협회 및 단체  수리 및 기타 개인 서비스업(94-96),184.62,85.1
2022,04,36,세종특별자치시,NULL,NULL,3611010900,다정동,C,제조업(10-34),75.0,62.92
2022,04,36,세종특별자치시,NULL,NULL,3611010900,다정동,G,도매 및 소매업(45-47),1467.83,1646.86
2022,04,36,세종특별자치시,NULL,NULL,3611010900,다정동,I,숙박 및 음식점업(55-56),1497.45,1011.8
2022,04,36,세종특별자치시,NULL,NULL,3611010900,다정동,Q,보건업 및 사회복지 서비스업(86-87),1300.0,761.26
2022,04,36,세종특별자치시,NULL,NULL,3611010900,다정동,S,협회 및 단체  수리 및 기타 개인 서비스업(94-96),76.32,49.99
2022,04,36,세종특별자치시,NULL,NULL,3611011000,어진동,G,도매 및 소매업(45-47),736.36,1092.25
2022,04,36,세종특별자치시,NULL,NULL,3611011000,어진동,I,숙박 및 음식점업(55-56),700.0,328.76
2022,04,36,세종특별자치시,NULL,NULL,3611011000,어진동,S,협회 및 단체  수리 및 기타 개인 서비스업(94-96),75.0,14.03
2022,04,36,세종특별자치시,NULL,NULL,3611011100,종촌동,G,도매 및 소매업(45-47),1582.35,1589.51
2022,04,36,세종특별자치시,NULL,NULL,3611011100,종촌동,I,숙박 및 음식점업(55-56),1542.54,1340.83
2022,04,36,세종특별자치시,NULL,NULL,3611011100,종촌동,O,공공 행정  국방 및 사회보장 행정(84),100.0,100.0
2022,04,36,세종특별자치시,NULL,NULL,3611011100,종촌동,Q,보건업 및 사회복지 서비스업(86-87),142.11,59.0
2022,04,36,세종특별자치시,NULL,NULL,3611011100,종촌동,S,협회 및 단체  수리 및 기타 개인 서비스업(94-96),666.67,260.05
2022,04,36,세종특별자치시,NULL,NULL,3611011200,고운동,C,제조업(10-34),50.0,67.13
2022,04,36,세종특별자치시,NULL,NULL,3611011200,고운동,G,도매 및 소매업(45-47),1086.03,1222.63
2022,04,36,세종특별자치시,NULL,NULL,3611011200,고운동,I,숙박 및 음식점업(55-56),1196.04,1284.02
2022,04,36,세종특별자치시,NULL,NULL,3611011200,고운동,N,사업시설 관리  사업 지원 및 임대 서비스업(74-76),100.0,100.0
2022,04,36,세종특별자치시,NULL,NULL,3611011200,고운동,Q,보건업 및 사회복지 서비스업(86-87),1020.0,1456.03
2022,04,36,세종특별자치시,NULL,NULL,3611011200,고운동,R,예술  스포츠 및 여가관련 서비스업(90-91),100.0,221.39
2022,04,36,세종특별자치시,NULL,NULL,3611011200,고운동,S,협회 및 단체  수리 및 기타 개인 서비스업(94-96),51.52,34.76
2022,04,36,세종특별자치시,NULL,NULL,3611011300,아름동,C,제조업(10-34),80.0,48.08
2022,04,36,세종특별자치시,NULL,NULL,3611011300,아름동,G,도매 및 소매업(45-47),761.11,581.45
2022,04,36,세종특별자치시,NULL,NULL,3611011300,아름동,I,숙박 및 음식점업(55-56),861.59,870.29
2022,04,36,세종특별자치시,NULL,NULL,3611011300,아름동,Q,보건업 및 사회복지 서비스업(86-87),380.0,86.17
2022,04,36,세종특별자치시,NULL,NULL,3611011300,아름동,S,협회 및 단체  수리 및 기타 개인 서비스업(94-96),85.71,71.64
2022,04,36,세종특별자치시,NULL,NULL,3611011400,도담동,G,도매 및 소매업(45-47),1009.68,1114.5
2022,04,36,세종특별자치시,NULL,NULL,3611011400,도담동,I,숙박 및 음식점업(55-56),1226.09,889.23
2022,04,36,세종특별자치시,NULL,NULL,3611011400,도담동,Q,보건업 및 사회복지 서비스업(86-87),120.0,52.83
2022,04,36,세종특별자치시,NULL,NULL,3611011400,도담동,S,협회 및 단체  수리 및 기타 개인 서비스업(94-96),100.0,52.28
2022,04,36,세종특별자치시,NULL,NULL,3611011600,해밀동,G,도매 및 소매업(45-47),600.0,485.61
2022,04,36,세종특별자치시,NULL,NULL,3611011600,해밀동,I,숙박 및 음식점업(55-56),2137.5,942.07
2022,04,36,세종특별자치시,NULL,NULL,3611011800,집현동,G,도매 및 소매업(45-47),8600.0,7407.33
2022,04,36,세종특별자치시,NULL,NULL,3611011800,집현동,I,숙박 및 음식점업(55-56),5366.67,6561.18
2022,04,36,세종특별자치시,NULL,NULL,3611011800,집현동,Q,보건업 및 사회복지 서비스업(86-87),275.0,987.12
2022,04,36,세종특별자치시,NULL,NULL,3611011800,집현동,S,협회 및 단체  수리 및 기타 개인 서비스업(94-96),57.14,106.62
2022,04,36,세종특별자치시,NULL,NULL,3611034021,금남면,I,숙박 및 음식점업(55-56),87.5,79.8
2022,04,41,경기도,41173,안양시,4117310100,동안구,I,숙박 및 음식점업(55-56),83.33,43.07
2022,04,41,경기도,41465,용인시,4146510100,수지구,I,숙박 및 음식점업(55-56),51.11,67.55
2022,04,41,경기도,41465,용인시,4146510200,수지구,I,숙박 및 음식점업(55-56),316.67,131.52
2022,04,41,경기도,41465,용인시,4146510300,수지구,G,도매 및 소매업(45-47),116.67,106.43
2022,04,43,충청북도,43111,청주시,4311112400,상당구,I,숙박 및 음식점업(55-56),71.43,127.63
2022,04,43,충청북도,43113,청주시,4311311300,흥덕구,G,도매 및 소매업(45-47),666.67,538.1
2022,04,43,충청북도,43113,청주시,4311311300,흥덕구,I,숙박 및 음식점업(55-56),300.0,105.15
2022,04,43,충청북도,43113,청주시,4311311400,흥덕구,I,숙박 및 음식점업(55-56),120.0,145.33
2022,04,43,충청북도,43113,청주시,4311325026,흥덕구,G,도매 및 소매업(45-47),100.0,100.0
2022,04,44,충청남도,44131,천안시,4413111100,동남구,I,숙박 및 음식점업(55-56),160.0,128.57
2022,04,44,충청남도,44133,천안시,4413310300,서북구,I,숙박 및 음식점업(55-56),100.0,100.0
2022,04,44,충청남도,44150,공주시,4415012000,신관동,G,도매 및 소매업(45-47),1000.0,109.71
2022,04,44,충청남도,44150,공주시,4415012000,신관동,I,숙박 및 음식점업(55-56),190.0,252.04
2022,04,44,충청남도,44150,공주시,4415012100,금흥동,I,숙박 및 음식점업(55-56),87.5,149.7
2022,04,44,충청남도,44150,공주시,4415034021,반포면,I,숙박 및 음식점업(55-56),175.0,177.94
2022,04,44,충청남도,44150,공주시,4415034033,반포면,I,숙박 및 음식점업(55-56),66.67,66.5
2022,04,44,충청남도,44200,아산시,4420025331,배방읍,I,숙박 및 음식점업(55-56),100.0,100.0
2022,04,44,충청남도,44230,논산시,4423010900,내동,I,숙박 및 음식점업(55-56),62.5,89.07
2022,04,44,충청남도,44230,논산시,4423039033,양촌면,G,도매 및 소매업(45-47),150.0,157.83
2022,04,44,충청남도,44230,논산시,4423039033,양촌면,I,숙박 및 음식점업(55-56),100.0,100.0
2022,04,44,충청남도,44250,계룡시,4425010100,금암동,G,도매 및 소매업(45-47),363.04,309.67
2022,04,44,충청남도,44250,계룡시,4425010100,금암동,I,숙박 및 음식점업(55-56),267.5,488.8
2022,04,44,충청남도,44250,계룡시,4425031021,두마면,G,도매 및 소매업(45-47),133.96,175.26
2022,04,44,충청남도,44250,계룡시,4425031021,두마면,I,숙박 및 음식점업(55-56),545.45,927.48
2022,04,44,충청남도,44250,계룡시,4425031521,엄사면,G,도매 및 소매업(45-47),1600.0,2266.68
2022,04,44,충청남도,44250,계룡시,4425031521,엄사면,I,숙박 및 음식점업(55-56),1733.33,2178.57
2022,04,44,충청남도,44250,계룡시,4425031522,엄사면,G,도매 및 소매업(45-47),180.0,11.78
2022,04,44,충청남도,44250,계룡시,4425031522,엄사면,I,숙박 및 음식점업(55-56),1150.0,790.37
2022,04,44,충청남도,44250,계룡시,4425033021,신도안면,G,도매 및 소매업(45-47),315.0,386.49
2022,04,44,충청남도,44250,계룡시,4425033021,신도안면,I,숙박 및 음식점업(55-56),126.47,249.24
2022,04,44,충청남도,44250,계룡시,4425033021,신도안면,Q,보건업 및 사회복지 서비스업(86-87),200.0,40.29
